title,url,price
ZARA САНДАЛИИ НА ПЛОСКОЙ ПОДОШВЕ С ПРИНТОМ,https://zara-russia.ru/zhenshchiny_obuv_zara/tproduct/184313898452-zara-sandalii-na-ploskoi-podoshve-s-prin,3 800
ZARA САНДАЛИИ НА ПЛОСКОЙ ПОДОШВЕ С СЕТКОЙ,https://zara-russia.ru/zhenshchiny_obuv_zara/tproduct/141523218302-zara-sandalii-na-ploskoi-podoshve-s-setk,6 500
ZARA ОБЪЕМНОЕ ПЛАТЬЕ МИДИ,https://zara-russia.ru/zhenshchiny_platya_zara/tproduct/873392885322-zara-obemnoe-plate-midi,7 900
ZARA БРЮКИ-ПИЖАМА BALLOON,https://zara-russia.ru/zhenshchiny_bryuki_zara/tproduct/559814119262-zara-bryuki-pizhama-balloon,5 400
ZARA СВОБОДНОЕ ПЛАТЬЕ МИДИ,https://zara-russia.ru/zhenshchiny_platya_zara/tproduct/700549077092-zara-svobodnoe-plate-midi,7 900
ZARA СПОРТИВНЫЕ ТУФЛИ БЕЗ ЗАДНИКОВ,https://zara-russia.ru/zhenshchiny_obuv_zara/tproduct/412389525272-zara-sportivnie-tufli-bez-zadnikov,6 300
ZARA КАРДИГАН С РУКАВАМИ-ГАРМОШКОЙ,https://zara-russia.ru/zhenshchiny_cardigans_sweaters_zara/tproduct/845072260382-zara-kardigan-s-rukavami-garmoshkoi,6 300
ZARA СТРУЯЩАЯСЯ РУБАШКА С ВЫШИВКОЙ — ZW COLLECTION,https://zara-russia.ru/zhenshchiny_rubashki_bluzki_zara/tproduct/183883109362-zara-struyaschayasya-rubashka-s-vishivko,7 900
ZARA КОЖАНЫЕ МЮЛИ НА КАБЛУКЕ,https://zara-russia.ru/zhenshchiny_obuv_zara/tproduct/300184130902-zara-kozhanie-myuli-na-kabluke,6 500
ZARA УКОРОЧЕННЫЙ ТРЕНЧ WATER-REPELLENT — ZW COLLECTION,https://zara-russia.ru/zhenshchini_palto_zara/tproduct/546781493702-zara-ukorochennii-trench-water-repellent,13 500
ZARA РУБАШКА С ВОЛАНАМИ ZW COLLECTION,https://zara-russia.ru/zhenshchiny_rubashki_bluzki_zara/tproduct/808278550442-zara-rubashka-s-volanami-zw-collection,10 800
ZARA ФУТБОЛКА С БАНТОМ СПЕРЕДИ,https://zara-russia.ru/zhenshchiny_futbolki_zara/tproduct/131364307472-zara-futbolka-s-bantom-speredi,4 100
ZARA ФУТБОЛКА С ЦВЕТОЧНОЙ ВЫШИВКОЙ,https://zara-russia.ru/zhenshchiny_futbolki_zara/tproduct/250451166802-zara-futbolka-s-tsvetochnoi-vishivkoi,4 100
ZARA ТОЛСТОВКА С ВЫШИВКОЙ ЦВЕТОВ,https://zara-russia.ru/zhenshchiny_tolstovki_zara/tproduct/673942776642-zara-tolstovka-s-vishivkoi-tsvetov,6 300
ZARA ДЖИНСЫ TRF BAGGY FOLDED СО СРЕДНЕЙ ПОСАДКОЙ,https://zara-russia.ru/zhenshchiny_dzhinsy_zara/tproduct/763956222302-zara-dzhinsi-trf-baggy-folded-so-srednei,7 900
ZARA КУРТКА «ГУСИНАЯ ЛАПКА» С ОТДЕЛКОЙ ПОД КОЖУ,https://zara-russia.ru/zhenshchiny-kurtki_zara/tproduct/777832296652-zara-kurtka-gusinaya-lapka-s-otdelkoi-po,10 800
ZARA ЮБКА МИДИ В КЛЕТКУ ВИШИ С КРУЖЕВОМ,https://zara-russia.ru/zhenshchiny_yubki_zara/tproduct/156258938042-zara-yubka-midi-v-kletku-vishi-s-kruzhev,7 900
ZARA РУБАШКА С БОЛЬШИМ ОТЛОЖНЫМ ВОРОТНИКОМ,https://zara-russia.ru/zhenshchiny_rubashki_bluzki_zara/tproduct/672608145792-zara-rubashka-s-bolshim-otlozhnim-vorotn,5 400
ZARA ДВУБОРТНЫЙ БЛЕЙЗЕР ОВЕРСАЙЗ В КЛЕТКУ ВИШИ,https://zara-russia.ru/zhenshchiny_blejzery_zara/tproduct/158045480272-zara-dvubortnii-bleizer-oversaiz-v-kletk,10 800
ZARA ТОП ОБЪЕМНОГО КРОЯ ИЗ ИМИТАЦИИ ЗАМШИ,https://zara-russia.ru/zhenshchiny_topy_body_zara/tproduct/799913456252-zara-top-obemnogo-kroya-iz-imitatsii-zam,5 400
ZARA ЗАМШЕВЫЕ БАЛЕТКИ С БАНТИКОМ,https://zara-russia.ru/zhenshchiny_obuv_zara/tproduct/297555720542-zara-zamshevie-baletki-s-bantikom,8 100
ZARA РУБАШКА С ЦВЕТОЧНЫМ ПРИНТОМ И КРУГЛЫМ ВОРОТНИКОМ,https://zara-russia.ru/zhenshchiny_rubashki_bluzki_zara/tproduct/114844177492-zara-rubashka-s-tsvetochnim-printom-i-kr,5 400
ZARA ПАЛЬТО ИЗ ИСКУССТВЕННОЙ ЗАМШИ,https://zara-russia.ru/zhenshchini_palto_zara/tproduct/711545791432-zara-palto-iz-iskusstvennoi-zamshi,10 800
ZARA РУБАШКА В ПОЛОСКУ С БАНТОМ,https://zara-russia.ru/zhenshchiny_rubashki_bluzki_zara/tproduct/733983223392-zara-rubashka-v-polosku-s-bantom,6 800
ZARA ОБЪЕМНОЕ ПЛАТЬЕ С БАСКОЙ,https://zara-russia.ru/zhenshchiny_platya_zara/tproduct/518578678862-zara-obemnoe-plate-s-baskoi,8 700
ZARA ПЛАТЬЕ-КОРСЕТ СО СБОРКАМИ,https://zara-russia.ru/zhenshchiny_platya_zara/tproduct/315014089112-zara-plate-korset-so-sborkami,8 700
ZARA ПЛАТЬЕ С БОКОВЫМ ПОЯСОМ,https://zara-russia.ru/zhenshchiny_platya_zara/tproduct/844490098012-zara-plate-s-bokovim-poyasom,8 700
ZARA ПЛАТЬЕ-ХАЛТЕР ОБЪЕМНОГО КРОЯ,https://zara-russia.ru/zhenshchiny_platya_zara/tproduct/853709759562-zara-plate-halter-obemnogo-kroya,8 700
ZARA БОДИ ИЗ ПОЛИАМИДА С ДРАПИРОВКОЙ,https://zara-russia.ru/zhenshchiny_topy_body_zara/tproduct/836354049452-zara-bodi-iz-poliamida-s-drapirovkoi,4 100
ZARA МИНИ-СУМКА ИЗ ЛАКИРОВАННОЙ КОЖИ,https://zara-russia.ru/zhenskie_sumki_zara/tproduct/906664991372-zara-mini-sumka-iz-lakirovannoi-kozhi,4 400
ZARA ТРИКОТАЖНЫЙ ТОП БЕЗ РУКАВОВ,https://zara-russia.ru/zhenshchiny_topy_body_zara/tproduct/801168642172-zara-trikotazhnii-top-bez-rukavov,4 900
ZARA БОМБЕР ИЗ ИСКУССТВЕННОЙ КОЖИ,https://zara-russia.ru/zhenshchiny-kurtki_zara/tproduct/309818502112-zara-bomber-iz-iskusstvennoi-kozhi,10 800
ZARA КОРОТКИЙ ТРЕНЧ ИЗ ИСКУССТВЕННОЙ КОЖИ,https://zara-russia.ru/zhenshchini_palto_zara/tproduct/693380001112-zara-korotkii-trench-iz-iskusstvennoi-ko,13 500
ZARA РУБАШКА С КРУГЛЫМ ВОРОТНИКОМ И СБОРКАМИ,https://zara-russia.ru/zhenshchiny_rubashki_bluzki_zara/tproduct/670235134952-zara-rubashka-s-kruglim-vorotnikom-i-sbo,5 400
ZARA ТОП НА БРЕТЕЛЯХ ИЗ ХЛОПКА И МОДАЛА,https://zara-russia.ru/zhenshchiny_kostyumi_zara/tproduct/280827364182-zara-top-na-bretelyah-iz-hlopka-i-modala,1 600
ZARA КОМБИНЕЗОН В КЛЕТКУ ВИШИ,https://zara-russia.ru/zhenshchiny_platya_zara/tproduct/511787004852-zara-kombinezon-v-kletku-vishi,6 800
ZARA БРЮКИ ПРЯМОГО КРОЯ В РУБЧИК,https://zara-russia.ru/zhenshchiny_kostyumi_zara/tproduct/670529763852-zara-bryuki-pryamogo-kroya-v-rubchik,4 400
ZARA БОМБЕР ИЗ ИСКУССТВЕННОЙ КОЖИ,https://zara-russia.ru/zhenshchiny-kurtki_zara/tproduct/602405185362-zara-bomber-iz-iskusstvennoi-kozhi,10 800
ZARA ЗАМШЕВЫЕ САБО С ЗАКЛЕПКАМИ,https://zara-russia.ru/zhenshchiny_obuv_zara/tproduct/684377856962-zara-zamshevie-sabo-s-zaklepkami,12 500
ZARA РУБАШКА ИЗ ПОПЛИНА В ПОЛОСКУ,https://zara-russia.ru/zhenshchiny_rubashki_bluzki_zara/tproduct/890597485152-zara-rubashka-iz-poplina-v-polosku,4 900
ZARA ДЖИНСЫ TRF LOOSE С НИЗКОЙ ПОСАДКОЙ И ОТВОРОТАМИ,https://zara-russia.ru/zhenshchiny_dzhinsy_zara/tproduct/409630618482-zara-dzhinsi-trf-loose-s-nizkoi-posadkoi,6 800
ZARA РУБАШКА ИЗ ШИФОНА С ВЫШИВКОЙ,https://zara-russia.ru/zhenshchiny_rubashki_bluzki_zara/tproduct/376013909002-zara-rubashka-iz-shifona-s-vishivkoi,5 400
ZARA ТОП ИЗ ПОПЛИНА С РУКАВАМИ-БАЛЛОНАМИ,https://zara-russia.ru/zhenshchiny_rubashki_bluzki_zara/tproduct/599484588022-zara-top-iz-poplina-s-rukavami-ballonami,4 900
ZARA ДЖИНСЫ TRF ПРЯМОГО КРОЯ С НИЗКОЙ ПОСАДКОЙ,https://zara-russia.ru/zhenshchiny_dzhinsy_zara/tproduct/292694458432-zara-dzhinsi-trf-pryamogo-kroya-s-nizkoi,6 800
ZARA КРОССОВКИ ИЗ ТКАНИ,https://zara-russia.ru/zhenshchiny_obuv_zara/tproduct/178105909662-zara-krossovki-iz-tkani,7 100
ZARA БОЛЬШАЯ СУМКА-МЕШОК С МЕТАЛЛИЧЕСКИМ КОЛЬЦОМ,https://zara-russia.ru/zhenskie_sumki_zara/tproduct/933124070772-zara-bolshaya-sumka-meshok-s-metalliches,6 500
ZARA БРЮКИ-БАРРЕЛИ С ДВОЙНЫМ ПОЯСОМ,https://zara-russia.ru/zhenshchiny_bryuki_zara/tproduct/364259459572-zara-bryuki-barreli-s-dvoinim-poyasom,6 800
ZARA РУБАШКА В ПОЛОСКУ С ВОРОТНИКОМ-СТОЙКОЙ,https://zara-russia.ru/zhenshchiny_rubashki_bluzki_zara/tproduct/823996527852-zara-rubashka-v-polosku-s-vorotnikom-sto,5 400
ZARA УКОРОЧЕННЫЙ БОМБЕР ИЗ ИСКУССТВЕННОЙ КОЖИ,https://zara-russia.ru/zhenshchiny-kurtki_zara/tproduct/587053719822-zara-ukorochennii-bomber-iz-iskusstvenno,8 700
ZARA ПРЯМОЙ БЛЕЙЗЕР С ПОДПЛЕЧНИКАМИ,https://zara-russia.ru/zhenshchiny_blejzery_zara/tproduct/531242592582-zara-pryamoi-bleizer-s-podplechnikami,8 700
ZARA БРЮКИ BARREL ИЗ АТЛАСА,https://zara-russia.ru/zhenshchiny_bryuki_zara/tproduct/741501203592-zara-bryuki-barrel-iz-atlasa,7 900
ZARA САНДАЛИИ НА АСИММЕТРИЧНОМ КАБЛУКЕ,https://zara-russia.ru/zhenshchiny_obuv_zara/tproduct/278897604712-zara-sandalii-na-asimmetrichnom-kabluke,8 700
ZARA БЛУЗА ИЗ БЛЕСТЯЩЕЙ АТЛАСНОЙ ТКАНИ,https://zara-russia.ru/zhenshchiny_rubashki_bluzki_zara/tproduct/936335943002-zara-bluza-iz-blestyaschei-atlasnoi-tkan,5 400
ZARA ПРЯМАЯ КОМБИНИРОВАННАЯ ТРИКОТАЖНАЯ ЮБКА,https://zara-russia.ru/zhenshchiny_yubki_zara/tproduct/867921636082-zara-pryamaya-kombinirovannaya-trikotazh,6 800
ZARA КОМБИНИРОВАННЫЙ ТРИКОТАЖНЫЙ ТОП,https://zara-russia.ru/zhenshchiny_kostyumi_zara/tproduct/731069856562-zara-kombinirovannii-trikotazhnii-top,6 800
ZARA ВЫСОКИЕ ТРУСЫ POINTELLE,https://zara-russia.ru/zhenskie_nizhnee_belie_zara/tproduct/657967304372-zara-visokie-trusi-pointelle,4 400
ZARA БЮСТГАЛЬТЕР С КОСТОЧКАМИ И КРУЖЕВНЫМ УЗОРОМ POINTELLE,https://zara-russia.ru/zhenskie_nizhnee_belie_zara/tproduct/913644226972-zara-byustgalter-s-kostochkami-i-kruzhev,5 400
ZARA БРЮКИ КАПРИ С КРУЖЕВОМ,https://zara-russia.ru/zhenskie_nizhnee_belie_zara/tproduct/804543195572-zara-bryuki-kapri-s-kruzhevom,6 800
"ZARA ТОП С БРЕТЕЛЯМИ, КРУЖЕВОМ И ЗАВЯЗКАМИ",https://zara-russia.ru/zhenskie_nizhnee_belie_zara/tproduct/930454505582-zara-top-s-bretelyami-kruzhevom-i-zavyaz,6 800
ZARA БРЮКИ ИЗ 100% ВИСКОЗЫ С ВЫШИВКОЙ,https://zara-russia.ru/zhenskie_nizhnee_belie_zara/tproduct/764760263562-zara-bryuki-iz-100-viskozi-s-vishivkoi,10 800
ZARA ТОП НА БРЕТЕЛЯХ ИЗ 100% ВИСКОЗЫ С ВЫШИВКОЙ,https://zara-russia.ru/zhenskie_nizhnee_belie_zara/tproduct/272252304402-zara-top-na-bretelyah-iz-100-viskozi-s-v,10 800
ZARA ДЛИННОЕ ОБЪЕМНОЕ ПЛАТЬЕ ИЗ АТЛАСА,https://zara-russia.ru/zhenshchiny_platya_zara/tproduct/642802708312-zara-dlinnoe-obemnoe-plate-iz-atlasa,20 600
ZARA ДЛИННОЕ КРУЖЕВНОЕ ПЛАТЬЕ С ВЫРЕЗОМ НА СПИНЕ,https://zara-russia.ru/zhenshchiny_platya_zara/tproduct/306531513392-zara-dlinnoe-kruzhevnoe-plate-s-virezom,15 200
ZARA ПЛАТЬЕ ХОЛТЕР ИЗ 100% ВИСКОЗЫ С ДРАПИРОВАННЫМ ВЫРЕЗОМ,https://zara-russia.ru/zhenshchiny_platya_zara/tproduct/219563290332-zara-plate-holter-iz-100-viskozi-s-drapi,20 600
ZARA ТОП-БАЛЛОН С ФИКСАТОРАМИ,https://zara-russia.ru/zhenshchiny_topy_body_zara/tproduct/341784838952-zara-top-ballon-s-fiksatorami,5 400
ZARA ЮБКА МИДИ СО СБОРКАМИ,https://zara-russia.ru/zhenshchiny_yubki_zara/tproduct/152183836682-zara-yubka-midi-so-sborkami,5 400
ZARA ТОП С ЭЛАСТИЧНЫМИ СБОРКАМИ И ОБЪЕМНЫМИ РУКАВАМИ,https://zara-russia.ru/zhenshchiny_topy_body_zara/tproduct/470328313902-zara-top-s-elastichnimi-sborkami-i-obemn,4 900
ZARA ТОП АСИММЕТРИЧНОГО КРОЯ СО СБОРКАМИ.,https://zara-russia.ru/zhenshchiny_topy_body_zara/tproduct/195432564022-zara-top-asimmetrichnogo-kroya-so-sborka,3 600
ZARA БРЮКИ КАРГО СО СТОППЕРОМ,https://zara-russia.ru/zhenshchiny_bryuki_zara/tproduct/679133132382-zara-bryuki-kargo-so-stopperom,6 800
ZARA ТОП С КОРОТКИМИ РУКАВАМИ И СБОРКАМИ,https://zara-russia.ru/zhenshchiny_topy_body_zara/tproduct/448909491472-zara-top-s-korotkimi-rukavami-i-sborkami,4 400
ZARA КОРОТКОЕ ПЛАТЬЕ-БАЛЛОН,https://zara-russia.ru/zhenshchiny_platya_zara/tproduct/687268462762-zara-korotkoe-plate-ballon,6 800
ZARA ФУТБОЛКА С КОРОТКИМ РУКАВОМ И ШИРОКИМ ВЫРЕЗОМ,https://zara-russia.ru/zhenshchiny_futbolki_zara/tproduct/989640527842-zara-futbolka-s-korotkim-rukavom-i-shiro,2 700
ZARA КОРОТКОЕ ПЛАТЬЕ — ZW COLLECTION,https://zara-russia.ru/zhenshchiny_platya_zara/tproduct/261463710012-zara-korotkoe-plate-zw-collection,6 800
ZARA БЛУЗА С V-ОБРАЗНЫМ ВЫРЕЗОМ И ЗАВЯЗКАМИ — ZW COLLECTION,https://zara-russia.ru/zhenshchiny_rubashki_bluzki_zara/tproduct/147343998222-zara-bluza-s-v-obraznim-virezom-i-zavyaz,7 900
ZARA РУБАШКА ИЗ ПОПЛИНА С ПЛАНКОЙ — ZW COLLECTION,https://zara-russia.ru/zhenshchiny_rubashki_bluzki_zara/tproduct/747585347362-zara-rubashka-iz-poplina-s-plankoi-zw-co,6 800
ZARA ТОП ИЗ ТОНЧАЙШЕГО ТРИКОТАЖА,https://zara-russia.ru/zhenshchiny_topy_body_zara/tproduct/273060172832-zara-top-iz-tonchaishego-trikotazha,4 400
ZARA АСИММЕТРИЧНЫЙ АТЛАСНЫЙ ТОП ZW COLLECTION,https://zara-russia.ru/zhenshchiny_topy_body_zara/tproduct/563693337552-zara-asimmetrichnii-atlasnii-top-zw-coll,7 900
ZARA СВОБОДНАЯ РУБАШКА ИЗ АТЛАСА — ZW COLLECTION,https://zara-russia.ru/zhenshchiny_rubashki_bluzki_zara/tproduct/689189934672-zara-svobodnaya-rubashka-iz-atlasa-zw-co,7 900
ZARA СТРУЯЩАЯСЯ ЮБКА С ВОЛАНАМИ — ZW COLLECTION,https://zara-russia.ru/zara_404/tproduct/816790848232-zara-struyaschayasya-yubka-s-volanami-zw,10 800
ZARA КОЖАНЫЕ МЮЛИ С КВАДРАТНЫМ НОСОМ,https://zara-russia.ru/zhenshchiny_obuv_zara/tproduct/852677487182-zara-kozhanie-myuli-s-kvadratnim-nosom,13 500
ZARA ДЖИНСЫ ZW COLLECTION BALLOON С ВЫСОКОЙ ПОСАДКОЙ И ЗАЩИПАМИ,https://zara-russia.ru/zhenshchiny_dzhinsy_zara/tproduct/580468287642-zara-dzhinsi-zw-collection-balloon-s-vis,8 700
ZARA КОМБИНИРОВАННЫЕ КОЖАНЫЕ КРОССОВКИ BAREFOOT,https://zara-russia.ru/zhenshchiny_obuv_zara/tproduct/668178414182-zara-kombinirovannie-kozhanie-krossovki,10 300
ZARA КРОССОВКИ BAREFOOT ИЗ КОМБИНИРОВАННЫХ МАТЕРИАЛОВ,https://zara-russia.ru/zhenshchiny_obuv_zara/tproduct/365283532302-zara-krossovki-barefoot-iz-kombinirovann,7 100
ZARA КРОССОВКИ BAREFOOT ИЗ РАЗНЫХ МАТЕРИАЛОВ,https://zara-russia.ru/zhenshchiny_obuv_zara/tproduct/401286032792-zara-krossovki-barefoot-iz-raznih-materi,7 100
ZARA ТУФЛИ-МЮЛИ НА КАБЛУКЕ С БАНТОМ,https://zara-russia.ru/zhenshchiny_obuv_zara/tproduct/269139872362-zara-tufli-myuli-na-kabluke-s-bantom,6 500
ZARA ТОП НА БРЕТЕЛЯХ В РУБЧИК,https://zara-russia.ru/zhenshchiny_futbolki_zara/tproduct/799317682902-zara-top-na-bretelyah-v-rubchik,2 200
ZARA МЯГКИЕ КОЖАНЫЕ БАЛЕТКИ,https://zara-russia.ru/zhenshchiny_obuv_zara/tproduct/617922653372-zara-myagkie-kozhanie-baletki,8 700
ZARA БЛУЗА СВОБОДНОГО КРОЯ ИЗ КОМБИНИРОВАННОГО ТРИКОТАЖА,https://zara-russia.ru/zhenshchiny_cardigans_sweaters_zara/tproduct/953871621882-zara-bluza-svobodnogo-kroya-iz-kombiniro,5 400
ZARA ТОП-ШАР В КЛЕТКУ ВИШИ С БАНТОМ,https://zara-russia.ru/zhenshchiny_topy_body_zara/tproduct/375419479512-zara-top-shar-v-kletku-vishi-s-bantom,5 400
ZARA УКОРОЧЕННАЯ РУБАШКА В КЛЕТКУ ВИШИ,https://zara-russia.ru/zhenshchiny_rubashki_bluzki_zara/tproduct/505753545632-zara-ukorochennaya-rubashka-v-kletku-vis,5 400
ZARA САНДАЛИИ ИЗ ТКАНИ С БЛЕСТКАМИ,https://zara-russia.ru/zhenshchiny_obuv_zara/tproduct/180236771152-zara-sandalii-iz-tkani-s-blestkami,10 300
ZARA ЮБКА МИДИ В КЛЕТКУ,https://zara-russia.ru/zhenshchiny_yubki_zara/tproduct/339765711012-zara-yubka-midi-v-kletku,6 800
ZARA КОМБИНЕЗОН В КЛЕТКУ ВИШИ С ПОЯСОМ,https://zara-russia.ru/zhenshchiny_platya_zara/tproduct/386808320322-zara-kombinezon-v-kletku-vishi-s-poyasom,8 700
ZARA КАРДИГАН С МЕТАЛЛИЗИРОВАННОЙ НИТЬЮ,https://zara-russia.ru/zhenshchiny_cardigans_sweaters_zara/tproduct/386741503712-zara-kardigan-s-metallizirovannoi-nityu,6 800
ZARA ТОП ИЗ КРУЖЕВА КРОШЕ С КОМБИНИРОВАННОЙ ОТДЕЛКОЙ,https://zara-russia.ru/zhenshchiny_topy_body_zara/tproduct/220682559632-zara-top-iz-kruzheva-kroshe-s-kombinirov,4 900
ZARA ЮБКА-ПАРЕО МИДИ С ПРЯЖКОЙ,https://zara-russia.ru/zara_404/tproduct/971982074862-zara-yubka-pareo-midi-s-pryazhkoi,7 900
ZARA ПРЯМЫЕ БРЮКИ С РЕМНЕМ И КЛЕТЧАТЫМ ПРИНТОМ ВИШИ,https://zara-russia.ru/zhenshchiny_bryuki_zara/tproduct/905502751472-zara-pryamie-bryuki-s-remnem-i-kletchati,7 900
ZARA ЮБКА МИДИ В КЛЕТКУ ВИШИ,https://zara-russia.ru/zhenshchiny_yubki_zara/tproduct/241007441892-zara-yubka-midi-v-kletku-vishi,6 800
ZARA СВИТЕР В ПОЛОСКУ,https://zara-russia.ru/zhenshchiny_cardigans_sweaters_zara/tproduct/537059742802-zara-sviter-v-polosku,4 900
ZARA ДЛИННЫЙ НЕПРОМОКАЕМЫЙ И ВЕТРОЗАЩИТНЫЙ ТРЕНЧ С ПОЯСОМ,https://zara-russia.ru/zhenshchini_palto_zara/tproduct/513675323032-zara-dlinnii-nepromokaemii-i-vetrozaschi,13 500
ZARA КОРОТКИЙ ТРЕНЧ С КАПЮШОНОМ,https://zara-russia.ru/zhenshchiny-kurtki_zara/tproduct/833301357732-zara-korotkii-trench-s-kapyushonom,10 800
ZARA БЛЕЙЗЕР ОВЕРСАЙЗ В КЛЕТКУ ВИШИ,https://zara-russia.ru/zhenshchiny_blejzery_zara/tproduct/614815381572-zara-bleizer-oversaiz-v-kletku-vishi,10 800
ZARA РУБАШКА С ВЫСОКИМ ВОРОТНИКОМ,https://zara-russia.ru/zhenshchiny_rubashki_bluzki_zara/tproduct/834568626802-zara-rubashka-s-visokim-vorotnikom,5 400
ZARA РУБАШКА ИЗ ПОПЛИНА С КОНТРАСТНЫМ ВОРОТНИКОМ,https://zara-russia.ru/zhenshchiny_topy_body_zara/tproduct/458872188262-zara-rubashka-iz-poplina-s-kontrastnim-v,6 800
ZARA КОРОТКОЕ ПЛАТЬЕ С РАСКЛЕШЕННОЙ ЮБКОЙ,https://zara-russia.ru/zhenshchiny_platya_zara/tproduct/758837245872-zara-korotkoe-plate-s-raskleshennoi-yubk,6 800
ZARA ОБЪЕМНАЯ УКОРОЧЕННАЯ ТОЛСТОВКА,https://zara-russia.ru/zhenshchiny_tolstovki_zara/tproduct/511128152612-zara-obemnaya-ukorochennaya-tolstovka,4 900
ZARA КАРДИГАН С КАПЮШОНОМ И ЗАВЯЗКАМИ,https://zara-russia.ru/zhenshchiny_cardigans_sweaters_zara/tproduct/961854675522-zara-kardigan-s-kapyushonom-i-zavyazkami,7 900
ZARA БЛЕЙЗЕР ОБЛЕГАЮЩЕГО КРОЯ ИЗ 100% КОЖИ,https://zara-russia.ru/zhenshchiny-kurtki_zara/tproduct/281580141622-zara-bleizer-oblegayuschego-kroya-iz-100,29 700
ZARA ЗАМШЕВЫЕ ЛОФЕРЫ С БАХРОМОЙ,https://zara-russia.ru/zhenshchiny_obuv_zara/tproduct/912015699252-zara-zamshevie-loferi-s-bahromoi,10 800
ZARA РУБАШКА ИЗ ПОПЛИНА С ВОЛАНАМИ И ЗАКЛЕПКАМИ,https://zara-russia.ru/zhenshchiny_rubashki_bluzki_zara/tproduct/173971974772-zara-rubashka-iz-poplina-s-volanami-i-za,5 400
ZARA ДЖИНСЫ TRF WIDE-LEG С НИЗКОЙ ПОСАДКОЙ И СТРАЗАМИ,https://zara-russia.ru/zhenshchiny_dzhinsy_zara/tproduct/943161015752-zara-dzhinsi-trf-wide-leg-s-nizkoi-posad,10 800
ZARA ПЛАТЬЕ МИДИ С ОБЪЕМНЫМИ ВОЛАНАМИ,https://zara-russia.ru/zhenshchiny_platya_zara/tproduct/261229606542-zara-plate-midi-s-obemnimi-volanami,7 900
ZARA СУМКА ЧЕРЕЗ ПЛЕЧО С ЗАКЛЕПКАМИ,https://zara-russia.ru/zhenskie_sumki_zara/tproduct/808185115142-zara-sumka-cherez-plecho-s-zaklepkami,4 900
ZARA ТОП-КОРСЕТ С ВОЛАНАМИ,https://zara-russia.ru/zhenshchiny_topy_body_zara/tproduct/301089231832-zara-top-korset-s-volanami,5 400
ZARA ТОП ИЗ ТРИКОТАЖА С ЦВЕТОЧНЫМ ПРИНТОМ,https://zara-russia.ru/zhenshchiny_topy_body_zara/tproduct/488035445132-zara-top-iz-trikotazha-s-tsvetochnim-pri,4 900
ZARA КОРОТКОЕ ПЛАТЬЕ СО СБОРКАМИ,https://zara-russia.ru/zhenshchiny_platya_zara/tproduct/894304298592-zara-korotkoe-plate-so-sborkami,4 100
ZARA МИНИ-ЮБКА С ВОЛАНАМИ И ЗАКЛЕПКАМИ,https://zara-russia.ru/zara_404/tproduct/805056931742-zara-mini-yubka-s-volanami-i-zaklepkami,6 800
ZARA БОДИ ИЗ ХЛОПКА НА БРЕТЕЛЯХ,https://zara-russia.ru/zhenshchiny_topy_body_zara/tproduct/788797942912-zara-bodi-iz-hlopka-na-bretelyah,2 700
ZARA РУБАШКА ОВЕРСАЙЗ ИЗ ПОПЛИНА,https://zara-russia.ru/zhenshchiny_rubashki_bluzki_zara/tproduct/644008455492-zara-rubashka-oversaiz-iz-poplina,5 400
ZARA ЮБКА С РЕЛЬЕФНЫМИ ВОЛАНАМИ,https://zara-russia.ru/zara_404/tproduct/996897917872-zara-yubka-s-relefnimi-volanami,5 400
ZARA ФУТБОЛКА ОВЕРСАЙЗ С КАРМАНОМ,https://zara-russia.ru/zhenshchiny_futbolki_zara/tproduct/733700050192-zara-futbolka-oversaiz-s-karmanom,3 600
ZARA ПРИТАЛЕННАЯ РУБАШКА ИЗ ТАФТЫ,https://zara-russia.ru/zhenshchiny_rubashki_bluzki_zara/tproduct/380580535702-zara-pritalennaya-rubashka-iz-tafti,5 400
ZARA ДЖИНСЫ WIDE LEG С ВЫСОКОЙ ПОСАДКОЙ — ZW COLLECTION,https://zara-russia.ru/zhenshchiny_dzhinsy_zara/tproduct/396161169772-zara-dzhinsi-wide-leg-s-visokoi-posadkoi,6 800
ZARA КУРТКА-БАЛЛОН НА МОЛНИИ,https://zara-russia.ru/zhenshchiny-kurtki_zara/tproduct/694628673492-zara-kurtka-ballon-na-molnii,6 800
ZARA УКОРОЧЕННЫЙ ТОП С ОБЪЕМНЫМИ РУКАВАМИ,https://zara-russia.ru/zhenshchiny_topy_body_zara/tproduct/131942333982-zara-ukorochennii-top-s-obemnimi-rukavam,5 400
ZARA ПЛАТЬЕ МИДИ С ПЛИССИРОВКОЙ И КОНТРАСТНЫМИ ДЕТАЛЯМИ,https://zara-russia.ru/zhenshchiny_platya_zara/tproduct/197911932692-zara-plate-midi-s-plissirovkoi-i-kontras,10 300
ZARA ТОП ИЗ ПОПЛИНА С ВОЛАНОМ,https://zara-russia.ru/zhenshchiny_rubashki_bluzki_zara/tproduct/212098693682-zara-top-iz-poplina-s-volanom,4 900
ZARA БРАЛЕТТ ИЗ СМЕСОВОГО ШЕЛКА С КРУЖЕВОМ,https://zara-russia.ru/zhenskie_nizhnee_belie_zara/tproduct/703123034732-zara-bralett-iz-smesovogo-shelka-s-kruzh,6 800
ZARA МЮЛИ ИЗ ЗАМШИ,https://zara-russia.ru/zhenshchiny_obuv_zara/tproduct/686860331452-zara-myuli-iz-zamshi,8 700
ZARA ШОРТЫ ИЗ СМЕСОВОГО ШЕЛКА С КРУЖЕВОМ,https://zara-russia.ru/zhenskie_nizhnee_belie_zara/tproduct/978981297472-zara-shorti-iz-smesovogo-shelka-s-kruzhe,10 800
ZARA РУБАШКА С ОБЪЕМНЫМИ РУКАВАМИ ZW COLLECTION,https://zara-russia.ru/zhenshchiny_rubashki_bluzki_zara/tproduct/555790421332-zara-rubashka-s-obemnimi-rukavami-zw-col,7 900
ZARA ВЯЗАНОЕ ПЛАТЬЕ С ОТКРЫТЫМИ ПЛЕЧАМИ,https://zara-russia.ru/zhenskie_nizhnee_belie_zara/tproduct/903516840732-zara-vyazanoe-plate-s-otkritimi-plechami,10 800
ZARA СТРУЯЩИЕСЯ БРЮКИ СО СКЛАДКАМИ,https://zara-russia.ru/zhenshchiny_bryuki_zara/tproduct/881688142582-zara-struyaschiesya-bryuki-so-skladkami,5 400
ZARA КОЖАНЫЕ БАЛЕТКИ-МЮЛИ,https://zara-russia.ru/zhenshchiny_obuv_zara/tproduct/567004315562-zara-kozhanie-baletki-myuli,7 600
ZARA БОСОНОЖКИ С УЗЛОМ И МЕТАЛЛИЧЕСКИМ БЛЕСКОМ,https://zara-russia.ru/zhenshchiny_obuv_zara/tproduct/287024628372-zara-bosonozhki-s-uzlom-i-metallicheskim,7 600
ZARA СЕРЬГИ-ЦЕПОЧКИ СО СТРАЗАМИ,https://zara-russia.ru/zhenshchiny-aksessuari_zara/tproduct/129774518502-zara-sergi-tsepochki-so-strazami,2 700
ZARA ДРАПИРОВАННЫЙ ТОП ИЗ ПОЛИАМИДА,https://zara-russia.ru/zhenshchiny_topy_body_zara/tproduct/813004543922-zara-drapirovannii-top-iz-poliamida,4 400
ZARA ТОП С РУКАВАМИ «ЛЕТУЧАЯ МЫШЬ» И ВОЛАНАМИ,https://zara-russia.ru/zhenshchiny_topy_body_zara/tproduct/192698864172-zara-top-s-rukavami-letuchaya-mish-i-vol,4 100
ZARA АСИММЕТРИЧНЫЙ ТОП СО СБОРКАМИ,https://zara-russia.ru/zhenshchiny_topy_body_zara/tproduct/721556825212-zara-asimmetrichnii-top-so-sborkami,3 600
ZARA ТОП АСИММЕТРИЧНОГО КРОЯ С ОБЪЕМНЫМИ РУКАВАМИ,https://zara-russia.ru/zhenshchiny_topy_body_zara/tproduct/312344251872-zara-top-asimmetrichnogo-kroya-s-obemnim,4 100
ZARA ТОП ИЗ КОМБИНИРОВАННОГО ТЮЛЯ НА БРЕТЕЛЯХ,https://zara-russia.ru/zhenshchiny_topy_body_zara/tproduct/170689660802-zara-top-iz-kombinirovannogo-tyulya-na-b,3 600
ZARA ТОП ИЗ ПОЛУПРОЗРАЧНОЙ ТКАНИ С ШАРФОМ,https://zara-russia.ru/zhenshchiny_topy_body_zara/tproduct/608647960112-zara-top-iz-poluprozrachnoi-tkani-s-shar,3 600
ZARA ДЛИННОЕ ПЛАТЬЕ ИЗ ПОЛУПРОЗРАЧНОЙ ТКАНИ,https://zara-russia.ru/zhenshchiny_platya_zara/tproduct/765364595012-zara-dlinnoe-plate-iz-poluprozrachnoi-tk,6 800
ZARA КОЖАНЫЕ БАЛЕТКИ-МЮЛИ,https://zara-russia.ru/zhenshchiny_obuv_zara/tproduct/751450158042-zara-kozhanie-baletki-myuli,7 900
ZARA КОЖАНЫЕ ТУФЛИ-ДЕРБИ,https://zara-russia.ru/zhenshchiny_obuv_zara/tproduct/795175981202-zara-kozhanie-tufli-derbi,10 800
ZARA ТОП ИЗ ПОЛУПРОЗРАЧНОЙ ТКАНИ В БЕЛЬЕВОМ СТИЛЕ,https://zara-russia.ru/zhenshchiny_topy_body_zara/tproduct/705769634592-zara-top-iz-poluprozrachnoi-tkani-v-bele,4 100
ZARA НОСКИ В МЕЛКИЙ РУБЧИК С ВЫШИВКОЙ GILDA,https://zara-russia.ru/zhenshchiny-aksessuari_zara/tproduct/484087495562-zara-noski-v-melkii-rubchik-s-vishivkoi,1 900
ZARA ХЛОПКОВЫЕ НОСКИ В МЕЛКИЙ РУБЧИК,https://zara-russia.ru/zhenshchiny-aksessuari_zara/tproduct/724591173252-zara-hlopkovie-noski-v-melkii-rubchik,1 700
ZARA ЖАККАРДОВЫЕ НОСКИ В ПОЛОСКУ,https://zara-russia.ru/zhenshchiny-aksessuari_zara/tproduct/480092144742-zara-zhakkardovie-noski-v-polosku,1 700
ZARA МАКСИ-СУМКА ИЗ 100% ХЛОПКА С ЦВЕТОЧНЫМ ПРИНТОМ,https://zara-russia.ru/zhenshchiny-aksessuari_zara/tproduct/670985972852-zara-maksi-sumka-iz-100-hlopka-s-tsvetoc,4 900
ZARA КЕПКА ИЗ САРЖИ С ВЫШИВКОЙ ТАКСЫ НА СКЕЙТЕ,https://zara-russia.ru/zhenshchiny-aksessuari_zara/tproduct/460505195832-zara-kepka-iz-sarzhi-s-vishivkoi-taksi-n,3 600
ZARA ПЛАТОК С ЦВЕТОЧНОЙ ВЫШИВКОЙ,https://zara-russia.ru/zhenshchiny-aksessuari_zara/tproduct/518388148602-zara-platok-s-tsvetochnoi-vishivkoi,2 700
ZARA ДЖИНСЫ TRF BOOTCUT С НИЗКОЙ ПОСАДКОЙ,https://zara-russia.ru/zhenshchiny_dzhinsy_zara/tproduct/251131572222-zara-dzhinsi-trf-bootcut-s-nizkoi-posadk,6 800
ZARA ДЖИНСЫ TRF BALLON СО СРЕДНЕЙ ПОСАДКОЙ И ПЕТЛЕЙ,https://zara-russia.ru/zhenshchiny_dzhinsy_zara/tproduct/925600367432-zara-dzhinsi-trf-ballon-so-srednei-posad,6 800
ZARA ЖЕСТКАЯ МЕТАЛЛИЧЕСКАЯ СУМКА,https://zara-russia.ru/zhenskie_sumki_zara/tproduct/182689837962-zara-zhestkaya-metallicheskaya-sumka,8 700
ZARA МИНИ-СУМКА-КОРЗИНКА С МЕТАЛЛИЧЕСКОЙ РУЧКОЙ,https://zara-russia.ru/zhenskie_sumki_zara/tproduct/304112569992-zara-mini-sumka-korzinka-s-metallichesko,7 900
ZARA СУМКА-МЕШОК С БУСИНАМИ,https://zara-russia.ru/zhenskie_sumki_zara/tproduct/416890523772-zara-sumka-meshok-s-businami,7 900
ZARA ПЛАТЬЕ ИЗ КРЕПА С V-ОБРАЗНЫМ ВЫРЕЗОМ,https://zara-russia.ru/zhenshchiny_platya_zara/tproduct/475689833612-zara-plate-iz-krepa-s-v-obraznim-virezom,5 400
ZARA ПРЯМЫЕ БРЮКИ С ПУГОВИЦАМИ,https://zara-russia.ru/zhenshchiny_bryuki_zara/tproduct/179047343302-zara-pryamie-bryuki-s-pugovitsami,6 800
ZARA РАСКЛЕШЕННЫЕ БРЮКИ НА МОЛНИИ,https://zara-russia.ru/zhenshchiny_bryuki_zara/tproduct/587534003032-zara-raskleshennie-bryuki-na-molnii,6 300
ZARA НАБОР ИЗ 3 ПАР СЕРЕГ-КОЛЕЦ СО СТРАЗАМИ,https://zara-russia.ru/zhenshchiny-aksessuari_zara/tproduct/961900531092-zara-nabor-iz-3-par-sereg-kolets-so-stra,2 700
ZARA БРЮКИ WIDE LEG ИЗ ТКАНИ В ДЕРЕВЕНСКОМ СТИЛЕ,https://zara-russia.ru/zhenshchiny_kostyumi_zara/tproduct/853127555602-zara-bryuki-wide-leg-iz-tkani-v-derevens,4 400
ZARA ТОП В СТИЛЕ РУСТИК С КОРОТКИМИ РУКАВАМИ,https://zara-russia.ru/zhenshchiny_kostyumi_zara/tproduct/340096295522-zara-top-v-stile-rustik-s-korotkimi-ruka,4 100
ZARA СВИТЕР С ОБЪЕМНЫМИ РУКАВАМИ,https://zara-russia.ru/zhenshchiny_cardigans_sweaters_zara/tproduct/853493232762-zara-sviter-s-obemnimi-rukavami,5 400
ZARA ДЖЕМПЕР В ПОЛОСКУ С КОРОТКИМ РУКАВОМ,https://zara-russia.ru/zhenshchiny_cardigans_sweaters_zara/tproduct/673932070732-zara-dzhemper-v-polosku-s-korotkim-rukav,4 400
ZARA ТРИКОТАЖНЫЙ ТОП С ВОРОТНИКОМ БОБО,https://zara-russia.ru/zara_404/tproduct/943211814572-zara-trikotazhnii-top-s-vorotnikom-bobo,4 400
ZARA СВИТЕР В ПОЛОСКУ,https://zara-russia.ru/zhenshchiny_cardigans_sweaters_zara/tproduct/822342709852-zara-sviter-v-polosku,5 400
ZARA ТОП ОБЛЕГАЮЩЕГО КРОЯ С КОНТРАСТНЫМИ ДЕТАЛЯМИ,https://zara-russia.ru/zhenshchiny_topy_body_zara/tproduct/438218740622-zara-top-oblegayuschego-kroya-s-kontrast,3 600
ZARA ТОП НА БРЕТЕЛЯХ В ПОЛОСКУ,https://zara-russia.ru/zhenshchiny_futbolki_zara/tproduct/685380085092-zara-top-na-bretelyah-v-polosku,3 600
ZARA КОРОТКАЯ СТЕГАНАЯ КУРТКА,https://zara-russia.ru/zhenshchiny-kurtki_zara/tproduct/137881419262-zara-korotkaya-steganaya-kurtka,6 800
ZARA МЯГКИЕ ЛОФЕРЫ,https://zara-russia.ru/zhenshchiny_obuv_zara/tproduct/186095597132-zara-myagkie-loferi,6 500
ZARA БРЮКИ BARREL В ЕЛОЧКУ,https://zara-russia.ru/zhenshchiny_bryuki_zara/tproduct/990163094492-zara-bryuki-barrel-v-elochku,6 800
ZARA КУРТКА-БАЛЛОН НА МОЛНИИ,https://zara-russia.ru/zhenshchiny-kurtki_zara/tproduct/939671993652-zara-kurtka-ballon-na-molnii,6 800
ZARA РАСКЛЕШЕННЫЕ БРЮКИ С ЗАКЛЕПКАМИ,https://zara-russia.ru/zhenshchiny_bryuki_zara/tproduct/952434978252-zara-raskleshennie-bryuki-s-zaklepkami,5 400
ZARA ТОП БАНДО STRETCH С ЗАКЛЕПКАМИ,https://zara-russia.ru/zhenshchiny_topy_body_zara/tproduct/678904046452-zara-top-bando-stretch-s-zaklepkami,4 100
ZARA КОРОТКОЕ ПЛАТЬЕ ИЗ ИНТЕРЛОКА,https://zara-russia.ru/zhenshchiny_platya_zara/tproduct/591852894822-zara-korotkoe-plate-iz-interloka,4 100
ZARA БОДИ ХАЛТЕР С КОМБИНИРОВАННЫМ КРУЖЕВОМ,https://zara-russia.ru/zhenshchiny_topy_body_zara/tproduct/855669847142-zara-bodi-halter-s-kombinirovannim-kruzh,4 400
ZARA ПЛАТЬЕ ИЗ ПОЛУПРОЗРАЧНОЙ ТКАНИ С ВЫРЕЗАМИ И АСИММЕТРИЧНЫМ НИЗОМ,https://zara-russia.ru/zhenshchiny_platya_zara/tproduct/792910343932-zara-plate-iz-poluprozrachnoi-tkani-s-vi,6 800
ZARA ДЛИННОЕ ПЛАТЬЕ ИЗ ПОЛУПРОЗРАЧНОЙ ТКАНИ С БАРХАТИСТЫМИ ДЕТАЛЯМИ,https://zara-russia.ru/zhenshchiny_platya_zara/tproduct/582703558872-zara-dlinnoe-plate-iz-poluprozrachnoi-tk,6 800
ZARA БРЮКИ FLARED ИЗ ФЛОКИРОВАННОГО ТЮЛЯ,https://zara-russia.ru/zhenshchiny_kostyumi_zara/tproduct/349569701812-zara-bryuki-flared-iz-flokirovannogo-tyu,4 900
ZARA ТОП ИЗ БАРХАТИСТОЙ ПОЛУПРОЗРАЧНОЙ ТКАНИ С ГОРЛОВИНОЙ ХАЛТЕР,https://zara-russia.ru/zhenshchiny_kostyumi_zara/tproduct/411402037742-zara-top-iz-barhatistoi-poluprozrachnoi,4 100
ZARA ПРИТАЛЕННАЯ РУБАШКА ИЗ ПОПЛИНА,https://zara-russia.ru/zhenshchiny_rubashki_bluzki_zara/tproduct/771693048412-zara-pritalennaya-rubashka-iz-poplina,5 400
ZARA БРЮКИ КАПРИ,https://zara-russia.ru/zhenshchiny_bryuki_zara/tproduct/744914301272-zara-bryuki-kapri,5 400
ZARA ТОП ИЗ ПОПЛИНА С ВОЛАНОМ,https://zara-russia.ru/zhenshchiny_topy_body_zara/tproduct/567488466892-zara-top-iz-poplina-s-volanom,4 900
ZARA КОМБИНИРОВАННАЯ ФУТБОЛКА С КРУЖЕВОМ,https://zara-russia.ru/zhenshchiny_futbolki_zara/tproduct/470193729152-zara-kombinirovannaya-futbolka-s-kruzhev,4 900
ZARA ЛОФЕРЫ ИЗ ДЖИНСОВОЙ ТКАНИ,https://zara-russia.ru/zhenshchiny_obuv_zara/tproduct/794934563662-zara-loferi-iz-dzhinsovoi-tkani,8 700
ZARA БОСОНОЖКИ НА ТАНКЕТКЕ,https://zara-russia.ru/zhenshchiny_obuv_zara/tproduct/376999628252-zara-bosonozhki-na-tanketke,6 300
ZARA АТЛАСНЫЙ ТОП С ГОРЛОВИНОЙ ХАЛТЕР,https://zara-russia.ru/zhenshchiny_topy_body_zara/tproduct/400115914202-zara-atlasnii-top-s-gorlovinoi-halter,4 400
ZARA ПЛАТЬЕ ИЗ ПОПЛИНА С ЮБКОЙ ГОДЕ,https://zara-russia.ru/zhenshchiny_platya_zara/tproduct/815965681142-zara-plate-iz-poplina-s-yubkoi-gode,7 900
ZARA ТОП БЕЗ БРЕТЕЛЕЙ,https://zara-russia.ru/zhenshchiny_topy_body_zara/tproduct/279693161682-zara-top-bez-bretelei,4 900
ZARA ДЖИНСОВЫЕ ШОРТЫ TRF СО СРЕДНЕЙ ПОСАДКОЙ,https://zara-russia.ru/zara_404/tproduct/994804420852-zara-dzhinsovie-shorti-trf-so-srednei-po,5 400
ZARA РУБАШКА В ПОЛОСКУ С ЗАВЯЗКАМИ,https://zara-russia.ru/zhenshchiny_rubashki_bluzki_zara/tproduct/494866428032-zara-rubashka-v-polosku-s-zavyazkami,5 400
ZARA БРЮКИ В ТОНКУЮ ПОЛОСКУ СО СКЛАДКАМИ,https://zara-russia.ru/zhenshchiny_bryuki_zara/tproduct/897717568152-zara-bryuki-v-tonkuyu-polosku-so-skladka,8 700
ZARA РУБАШКА ОВЕРСАЙЗ ИЗ ПОПЛИНА,https://zara-russia.ru/zhenshchiny_rubashki_bluzki_zara/tproduct/337598708562-zara-rubashka-oversaiz-iz-poplina,5 400
ZARA БЛЕЙЗЕР OVERSIZE В ТОНКУЮ ПОЛОСКУ,https://zara-russia.ru/zhenshchiny_blejzery_zara/tproduct/367674088332-zara-bleizer-oversize-v-tonkuyu-polosku,10 800
ZARA ТОП С БАСКОЙ И РУКАВАМИ-БУФФ,https://zara-russia.ru/zhenshchiny_topy_body_zara/tproduct/312012959802-zara-top-s-baskoi-i-rukavami-buff,6 800
ZARA КОРОТКОЕ ЖАККАРДОВОЕ ПЛАТЬЕ-БАЛЛОН,https://zara-russia.ru/zhenshchiny_platya_zara/tproduct/264653097872-zara-korotkoe-zhakkardovoe-plate-ballon,8 700
ZARA СВИТЕР ИЗ СТРУЯЩЕГОСЯ ТРИКОТАЖА,https://zara-russia.ru/zhenshchiny_cardigans_sweaters_zara/tproduct/136682485212-zara-sviter-iz-struyaschegosya-trikotazh,5 400
ZARA УКОРОЧЕННЫЕ БРЮКИ С КРУЖЕВОМ,https://zara-russia.ru/zhenshchiny_bryuki_zara/tproduct/292968303592-zara-ukorochennie-bryuki-s-kruzhevom,7 900
ZARA АТЛАСНАЯ РУБАШКА С КРУЖЕВОМ,https://zara-russia.ru/zhenshchiny_rubashki_bluzki_zara/tproduct/208353175362-zara-atlasnaya-rubashka-s-kruzhevom,5 400
ZARA БОМБЕР С ВЫСОКИМ ВОРОТНИКОМ,https://zara-russia.ru/zhenshchiny-kurtki_zara/tproduct/634734108772-zara-bomber-s-visokim-vorotnikom,6 300
ZARA ПРЯМЫЕ БРЮКИ С ДЕКОРАТИВНОЙ СТРОЧКОЙ,https://zara-russia.ru/zhenshchiny_bryuki_zara/tproduct/553929569522-zara-pryamie-bryuki-s-dekorativnoi-stroc,5 400
ZARA ТОНКИЙ СВИТЕР,https://zara-russia.ru/zhenshchiny_cardigans_sweaters_zara/tproduct/973100177522-zara-tonkii-sviter,6 300
ZARA КОРОТКИЙ ДВУБОРТНЫЙ ТРЕНЧ,https://zara-russia.ru/zhenshchiny-kurtki_zara/tproduct/212366267832-zara-korotkii-dvubortnii-trench,8 700
ZARA БОСОНОЖКИ НА НИЗКОМ КАБЛУКЕ,https://zara-russia.ru/zhenshchiny_obuv_zara/tproduct/230425747572-zara-bosonozhki-na-nizkom-kabluke,6 300
ZARA ДЖИНСЫ Z1975 BARREL СО СРЕДНЕЙ ПОСАДКОЙ И ДЛИНОЙ ДО ЩИКОЛОТКИ,https://zara-russia.ru/zhenshchiny_dzhinsy_zara/tproduct/276876385942-zara-dzhinsi-z1975-barrel-so-srednei-pos,6 800
ZARA БРЮКИ BARREL СО ШЛЕВКАМИ,https://zara-russia.ru/zhenshchiny_bryuki_zara/tproduct/645356881532-zara-bryuki-barrel-so-shlevkami,6 300
ZARA ТОП С РУБАШЕЧНЫМ ВОРОТНИКОМ,https://zara-russia.ru/zhenshchiny_topy_body_zara/tproduct/593503922162-zara-top-s-rubashechnim-vorotnikom,5 400
ZARA КОРОТКАЯ КУРТКА С ВОРОТНИКОМ-СТОЙКОЙ,https://zara-russia.ru/zhenshchiny-kurtki_zara/tproduct/857034190372-zara-korotkaya-kurtka-s-vorotnikom-stoik,8 700
ZARA РУБАШКА СТРУЯЩЕГОСЯ КРОЯ В СТИЛЕ САФАРИ,https://zara-russia.ru/zhenshchiny_rubashki_bluzki_zara/tproduct/266328282982-zara-rubashka-struyaschegosya-kroya-v-st,6 800
ZARA ДЛИННЫЙ ДЖИНСОВЫЙ КОМБИНЕЗОН Z1975,https://zara-russia.ru/zhenshchiny_platya_zara/tproduct/333727711232-zara-dlinnii-dzhinsovii-kombinezon-z1975,8 700
ZARA ТОП С ГОРЛОВИНОЙ ХАЛТЕР И РУБЧИКОМ,https://zara-russia.ru/zhenshchiny_topy_body_zara/tproduct/791102738722-zara-top-s-gorlovinoi-halter-i-rubchikom,4 100
ZARA ДЛИННЫЕ БЕРМУДЫ С РЕМНЕМ,https://zara-russia.ru/zara_404/tproduct/574189943122-zara-dlinnie-bermudi-s-remnem,6 300
ZARA ТОП ИЗ 100% ЗАМШИ,https://zara-russia.ru/zhenshchiny_topy_body_zara/tproduct/412736798902-zara-top-iz-100-zamshi,13 500
ZARA БОМБЕР ИЗ ИСКУССТВЕННОЙ КОЖИ,https://zara-russia.ru/zhenshchiny-kurtki_zara/tproduct/377331907432-zara-bomber-iz-iskusstvennoi-kozhi,10 800
ZARA ПЛАТЬЕ-КОМБИНАЦИЯ С МНОГОФУНКЦИОНАЛЬНЫМИ БРЕТЕЛЯМИ,https://zara-russia.ru/zhenskie_nizhnee_belie_zara/tproduct/489758145522-zara-plate-kombinatsiya-s-mnogofunktsion,4 400
ZARA ТОП В БЕЛЬЕВОМ СТИЛЕ ИЗ СМЕСОВОГО ШЕЛКА С КРУЖЕВОМ,https://zara-russia.ru/zhenskie_nizhnee_belie_zara/tproduct/173163056392-zara-top-v-belevom-stile-iz-smesovogo-sh,13 500
ZARA КРУЖЕВНОЕ ПЛАТЬЕ С ГОРЛОВИНОЙ ХАЛТЕР,https://zara-russia.ru/zhenskie_nizhnee_belie_zara/tproduct/178081357872-zara-kruzhevnoe-plate-s-gorlovinoi-halte,20 600
ZARA АСИММЕТРИЧНОЕ ПЛАТЬЕ ИЗ 100% КОЖИ С КРУЖЕВОМ,https://zara-russia.ru/zhenskie_nizhnee_belie_zara/tproduct/541956416932-zara-asimmetrichnoe-plate-iz-100-kozhi-s,32 400
ZARA АТЛАСНОЕ ПЛАТЬЕ-КОМБИНАЦИЯ С КРУЖЕВОМ,https://zara-russia.ru/zhenskie_nizhnee_belie_zara/tproduct/525705458392-zara-atlasnoe-plate-kombinatsiya-s-kruzh,15 200
ZARA КРУЖЕВНОЙ БРАЛЕТТ С ТРЕУГОЛЬНЫМИ ЧАШКАМИ,https://zara-russia.ru/zhenskie_nizhnee_belie_zara/tproduct/533461950192-zara-kruzhevnoi-bralett-s-treugolnimi-ch,6 800
ZARA БЛУЗА ИЗ КРЕПА С КРУЖЕВОМ,https://zara-russia.ru/zhenskie_nizhnee_belie_zara/tproduct/693743242652-zara-bluza-iz-krepa-s-kruzhevom,13 500
ZARA КОЖАНЫЕ БОСОНОЖКИ МЮЛИ - LIMITED EDITION,https://zara-russia.ru/zhenshchiny_obuv_zara/tproduct/515651456512-zara-kozhanie-bosonozhki-myuli-limited-e,18 900
ZARA КОЖАНЫЕ САНДАЛИИ С РЕМЕШКАМИ - LIMITED EDITION,https://zara-russia.ru/zhenshchiny_obuv_zara/tproduct/755865079782-zara-kozhanie-sandalii-s-remeshkami-limi,16 200
ZARA КОЖАНЫЕ БОСОНОЖКИ МЮЛИ LIMITED EDITION,https://zara-russia.ru/zhenshchiny_obuv_zara/tproduct/733227208892-zara-kozhanie-bosonozhki-myuli-limited-e,21 600
ZARA БРЮКИ ИЗ КРЕПА С ПОЯСОМ,https://zara-russia.ru/zhenshchiny_kostyumi_zara/tproduct/107389604882-zara-bryuki-iz-krepa-s-poyasom,4 900
ZARA ТОП НА БРЕТЕЛЯХ ИЗ КРЕПА,https://zara-russia.ru/zhenshchiny_kostyumi_zara/tproduct/791097424732-zara-top-na-bretelyah-iz-krepa,3 600
ZARA РЕМЕНЬ ИЗ 100% КОЖИ С ОРГАНИЧЕСКОЙ ПРЯЖКОЙ,https://zara-russia.ru/zhenshchiny-aksessuari_zara/tproduct/245802926462-zara-remen-iz-100-kozhi-s-organicheskoi,5 400
ZARA ФУТБОЛКА В СТИЛЕ РУСТИК СО ЛЬНОМ,https://zara-russia.ru/zhenshchiny_futbolki_zara/tproduct/388225991162-zara-futbolka-v-stile-rustik-so-lnom,3 600
ZARA ДРАПИРОВАННАЯ ЮБКА МИДИ,https://zara-russia.ru/zhenshchiny_yubki_zara/tproduct/885172395772-zara-drapirovannaya-yubka-midi,5 400
ZARA ТОП С ДВОЙНЫМ ЭФФЕКТОМ ИЗ ЛЕГКОЙ ТКАНИ,https://zara-russia.ru/zhenshchiny_topy_body_zara/tproduct/162621128442-zara-top-s-dvoinim-effektom-iz-legkoi-tk,4 900
ZARA СВОБОДНЫЕ СТРУЯЩИЕСЯ БРЮКИ,https://zara-russia.ru/zhenshchiny_bryuki_zara/tproduct/840582283552-zara-svobodnie-struyaschiesya-bryuki,5 400
ZARA ТОП АСИММЕТРИЧНОГО КРОЯ СО СБОРКАМИ,https://zara-russia.ru/zhenshchiny_topy_body_zara/tproduct/952788825072-zara-top-asimmetrichnogo-kroya-so-sborka,4 900
ZARA ТОП В БЕЛЬЕВОМ СТИЛЕ,https://zara-russia.ru/zhenshchiny_topy_body_zara/tproduct/848351441372-zara-top-v-belevom-stile,6 800
ZARA САНДАЛИИ С ПРЯЖКОЙ НА ПЛОСКОЙ ПОДОШВЕ,https://zara-russia.ru/zhenshchiny_obuv_zara/tproduct/464335916042-zara-sandalii-s-pryazhkoi-na-ploskoi-pod,6 000
ZARA БЛЕЙЗЕР ОВЕРСАЙЗ С БОЛЬШИМИ КАРМАНАМИ,https://zara-russia.ru/zhenshchiny_blejzery_zara/tproduct/768676070562-zara-bleizer-oversaiz-s-bolshimi-karmana,13 500
ZARA КОРОТКОЕ ПЛАТЬЕ В БЕЛЬЕВОМ СТИЛЕ,https://zara-russia.ru/zhenshchiny_platya_zara/tproduct/533213452232-zara-korotkoe-plate-v-belevom-stile,8 700
ZARA ПРЯМЫЕ БРЮКИ С ХЛЯСТИКАМИ,https://zara-russia.ru/zhenshchiny_bryuki_zara/tproduct/870382122122-zara-pryamie-bryuki-s-hlyastikami,7 900
ZARA БЕРМУДЫ С ВОЛАНАМИ НА ТАЛИИ,https://zara-russia.ru/zara_404/tproduct/956673296822-zara-bermudi-s-volanami-na-talii,5 400
ZARA ДЖИНСЫ TRF BOYFRIEND СО СРЕДНЕЙ ПОСАДКОЙ И РАЗРЕЗАМИ,https://zara-russia.ru/zhenshchiny_dzhinsy_zara/tproduct/299879203252-zara-dzhinsi-trf-boyfriend-so-srednei-po,6 800
ZARA ШИРОКИЕ БРЮКИ С КОНТРАСТНЫМИ ВСТАВКАМИ,https://zara-russia.ru/zhenshchiny_bryuki_zara/tproduct/805337490552-zara-shirokie-bryuki-s-kontrastnimi-vsta,6 300
ZARA БРЮКИ PAPERBAG С РЕМНЕМ,https://zara-russia.ru/zhenshchiny_bryuki_zara/tproduct/809995807102-zara-bryuki-paperbag-s-remnem,7 900
ZARA КОНТРАСТНЫЕ СТРОЧКИ НА КОРПУСЕ,https://zara-russia.ru/zhenshchiny_topy_body_zara/tproduct/124540290602-zara-kontrastnie-strochki-na-korpuse,5 400
ZARA БЛУЗА ИЗ ПОЛУПРОЗРАЧНОЙ ТКАНИ С ЦВЕТОЧНЫМ УЗОРОМ,https://zara-russia.ru/zhenshchiny_rubashki_bluzki_zara/tproduct/588888173332-zara-bluza-iz-poluprozrachnoi-tkani-s-ts,6 800
ZARA КОРОТКАЯ КУРТКА ИЗ ИСКУССТВЕННОЙ ЗАМШИ,https://zara-russia.ru/zhenshchiny-kurtki_zara/tproduct/604840848672-zara-korotkaya-kurtka-iz-iskusstvennoi-z,6 800
ZARA БРЮКИ PAPERBAG GLOBO,https://zara-russia.ru/zhenshchiny_bryuki_zara/tproduct/952747126012-zara-bryuki-paperbag-globo,6 800
ZARA ТОП ИЗ СМЕСОВОЙ ШЕРСТИ,https://zara-russia.ru/zhenshchiny_topy_body_zara/tproduct/259084407992-zara-top-iz-smesovoi-shersti,4 400
ZARA БРЮКИ BARREL С ПРЯЖКОЙ,https://zara-russia.ru/zhenshchiny_bryuki_zara/tproduct/469583272252-zara-bryuki-barrel-s-pryazhkoi,6 800
ZARA БРЮКИ С ОТВОРОТАМИ И ЗАЩИПАМИ,https://zara-russia.ru/zhenshchiny_bryuki_zara/tproduct/190192861952-zara-bryuki-s-otvorotami-i-zaschipami,6 800
ZARA БРЮКИ С ЗАЩИПАМИ И РЕМНЕМ,https://zara-russia.ru/zhenshchiny_bryuki_zara/tproduct/635328734752-zara-bryuki-s-zaschipami-i-remnem,6 300
ZARA БЛЕЙЗЕР В ТОНКУЮ ПОЛОСКУ,https://zara-russia.ru/zhenshchiny_blejzery_zara/tproduct/494574117932-zara-bleizer-v-tonkuyu-polosku,10 300
ZARA БРЮКИ В ТОНКУЮ ПОЛОСКУ,https://zara-russia.ru/zhenshchiny_bryuki_zara/tproduct/999604270182-zara-bryuki-v-tonkuyu-polosku,6 800
ZARA ДЖИНСОВЫЙ ЖИЛЕТ Z1975 ОБЛЕГАЮЩЕГО КРОЯ,https://zara-russia.ru/zhenshchiny_topy_body_zara/tproduct/430696322542-zara-dzhinsovii-zhilet-z1975-oblegayusch,6 800
ZARA ТРЕНЧ ОВЕРСАЙЗ С МАНЖЕТАМИ В КЛЕТКУ,https://zara-russia.ru/zhenshchini_palto_zara/tproduct/783494927242-zara-trench-oversaiz-s-manzhetami-v-klet,15 200
ZARA ДЖИНСЫ-КЮЛОТЫ Z1975 СО СРЕДНЕЙ ПОСАДКОЙ,https://zara-russia.ru/zhenshchiny_dzhinsy_zara/tproduct/722291778142-zara-dzhinsi-kyuloti-z1975-so-srednei-po,6 800
ZARA КОМБИНИРОВАННОЕ ПЛАТЬЕ МИДИ В ПОЛОСКУ С РЕМНЕМ,https://zara-russia.ru/zhenshchiny_platya_zara/tproduct/262114662262-zara-kombinirovannoe-plate-midi-v-polosk,10 300
ZARA ДВУБОРТНЫЙ БЛЕЙЗЕР ОВЕРСАЙЗ,https://zara-russia.ru/zhenshchiny_blejzery_zara/tproduct/929004062552-zara-dvubortnii-bleizer-oversaiz,8 700
ZARA ШИРОКИЕ БРЮКИ С ВЫСОКОЙ ПОСАДКОЙ,https://zara-russia.ru/zhenshchiny_bryuki_zara/tproduct/408579302322-zara-shirokie-bryuki-s-visokoi-posadkoi,6 800
ZARA РУБАШКА В ПОЛОСКУ С ОБЪЕМНЫМИ РУКАВАМИ,https://zara-russia.ru/zhenshchiny_rubashki_bluzki_zara/tproduct/983838883312-zara-rubashka-v-polosku-s-obemnimi-rukav,6 300
ZARA БЛЕЙЗЕР С КОНТРАСТНЫМИ КРОМКАМИ,https://zara-russia.ru/zhenshchiny_blejzery_zara/tproduct/324923108172-zara-bleizer-s-kontrastnimi-kromkami,10 800
ZARA ДЖИНСЫ ZW COLLECTION CULOTTE СО СРЕДНЕЙ ПОСАДКОЙ,https://zara-russia.ru/zhenshchiny_dzhinsy_zara/tproduct/804762735132-zara-dzhinsi-zw-collection-culotte-so-sr,7 900
ZARA СВИТЕР ИЗ 100% ШЕРСТИ С КОРОТКИМИ РУКАВАМИ,https://zara-russia.ru/zhenshchiny_cardigans_sweaters_zara/tproduct/164533388422-zara-sviter-iz-100-shersti-s-korotkimi-r,6 800
ZARA ВЯЗАНЫЙ СВИТЕР С БАНТОМ И ЖАТЫМ ЭФФЕКТОМ,https://zara-russia.ru/zhenshchiny_kostyumi_zara/tproduct/749863357742-zara-vyazanii-sviter-s-bantom-i-zhatim-e,6 800
ZARA ЮБКА МИДИ ИЗ ЖАТОГО ТРИКОТАЖА,https://zara-russia.ru/zhenshchiny_yubki_zara/tproduct/434873545372-zara-yubka-midi-iz-zhatogo-trikotazha,6 800
ZARA ДВУСТОРОННЯЯ КУРТКА В КЛЕТКУ — ZW COLLECTION,https://zara-russia.ru/zhenshchiny-kurtki_zara/tproduct/828438750562-zara-dvustoronnyaya-kurtka-v-kletku-zw-c,15 200
ZARA АСИММЕТРИЧНЫЙ СВИТЕР ИЗ КОМБИНИРОВАННОГО ТРИКОТАЖА,https://zara-russia.ru/zara_404/tproduct/320726470132-zara-asimmetrichnii-sviter-iz-kombinirov,7 900
ZARA КОМБИНИРОВАННАЯ ПАРКА ZW COLLECTION,https://zara-russia.ru/zhenshchini_palto_zara/tproduct/595159245002-zara-kombinirovannaya-parka-zw-collectio,20 600
ZARA СОЛНЦЕЗАЩИТНЫЕ ОЧКИ В МЕТАЛЛИЧЕСКОЙ ОПРАВЕ,https://zara-russia.ru/zhenshchiny-aksessuari_zara/tproduct/772478420482-zara-solntsezaschitnie-ochki-v-metallich,5 400
ZARA СОЛНЦЕЗАЩИТНЫЕ ОЧКИ «КОШАЧИЙ ГЛАЗ»,https://zara-russia.ru/zhenshchiny-aksessuari_zara/tproduct/758824441432-zara-solntsezaschitnie-ochki-koshachii-g,8 700
ZARA ДЛИННЫЙ ЖИЛЕТ С БАНТОМ,https://zara-russia.ru/zhenshchiny_cardigans_sweaters_zara/tproduct/646606067742-zara-dlinnii-zhilet-s-bantom,5 400
ZARA ВЯЗАНЫЙ ДЖЕМПЕР С ШИРОКИМ ПОЯСОМ,https://zara-russia.ru/zhenshchiny_cardigans_sweaters_zara/tproduct/239601485522-zara-vyazanii-dzhemper-s-shirokim-poyaso,5 400
ZARA КУРТКА С ВОЩЕНЫМ ЭФФЕКТОМ — ZW COLLECTION,https://zara-russia.ru/zhenshchiny-kurtki_zara/tproduct/284263091862-zara-kurtka-s-voschenim-effektom-zw-coll,15 200
ZARA ДЖИНСЫ RELAXED STRAIGHT С НИЗКОЙ ПОСАДКОЙ — ZW COLLECTION,https://zara-russia.ru/zhenshchiny_dzhinsy_zara/tproduct/821299810302-zara-dzhinsi-relaxed-straight-s-nizkoi-p,8 700
ZARA ЛИМИТИРОВАННЫЕ КОЖАНЫЕ БАЛЕТКИ С БАНТОМ,https://zara-russia.ru/zhenshchiny_obuv_zara/tproduct/235534286442-zara-limitirovannie-kozhanie-baletki-s-b,14 400
ZARA ДЖИНСЫ ZW SLIM СО СРЕДНЕЙ ПОСАДКОЙ,https://zara-russia.ru/zhenshchiny_dzhinsy_zara/tproduct/848021734782-zara-dzhinsi-zw-slim-so-srednei-posadkoi,8 700
ZARA ДЖИНСЫ ZW COLLECTION КЮЛОТЫ СО СРЕДНЕЙ ПОСАДКОЙ В ПОЛОСКУ,https://zara-russia.ru/zhenshchiny_bryuki_zara/tproduct/793481898902-zara-dzhinsi-zw-collection-kyuloti-so-sr,7 900
ZARA ПОЛУПРОЗРАЧНЫЙ ТРИКОТАЖНЫЙ ТОП,https://zara-russia.ru/zhenshchiny_topy_body_zara/tproduct/855527974282-zara-poluprozrachnii-trikotazhnii-top,7 900
ZARA БОДИ БЕЗ БРЕТЕЛЕК,https://zara-russia.ru/zhenshchiny_topy_body_zara/tproduct/357096954122-zara-bodi-bez-bretelek,4 400
ZARA ЮБКА МИДИ — ZW COLLECTION,https://zara-russia.ru/zhenshchiny_yubki_zara/tproduct/807270605952-zara-yubka-midi-zw-collection,6 800
ZARA ТОП С ОБЪЕМНЫМИ РУКАВАМИ И ПРИТАЛЕННЫМ НИЗОМ,https://zara-russia.ru/zhenshchiny_topy_body_zara/tproduct/256014919322-zara-top-s-obemnimi-rukavami-i-pritalenn,5 400
ZARA РУБАШКА ИЗ 100% ШЕЛКА — ZW COLLECTION,https://zara-russia.ru/zhenshchiny_rubashki_bluzki_zara/tproduct/880590428642-zara-rubashka-iz-100-shelka-zw-collectio,15 200
ZARA КОЖАНАЯ МИНИ-СУМКА-ШОПЕР С ДВОЙНЫМ КАРМАНОМ,https://zara-russia.ru/zhenskie_sumki_zara/tproduct/217253192682-zara-kozhanaya-mini-sumka-shoper-s-dvoin,24 300
ZARA КОЖАНАЯ СУМКА-ШОПЕР С ДЕКОРАТИВНОЙ СТРОЧКОЙ,https://zara-russia.ru/zhenskie_sumki_zara/tproduct/493342407832-zara-kozhanaya-sumka-shoper-s-dekorativn,31 400
ZARA ТОП АСИММЕТРИЧНОГО КРОЯ ИЗ СТРУЯЩЕЙСЯ ТКАНИ,https://zara-russia.ru/zhenshchiny_topy_body_zara/tproduct/935050285282-zara-top-asimmetrichnogo-kroya-iz-struya,4 900
ZARA БРЮКИ ИЗ 100% КОЖИ — ZW COLLECTION LIMITED EDITION,https://zara-russia.ru/zhenshchiny_bryuki_zara/tproduct/266798541482-zara-bryuki-iz-100-kozhi-zw-collection-l,43 200
ZARA КОЖАНЫЕ МЮЛИ НА КАБЛУКЕ,https://zara-russia.ru/zhenshchiny_obuv_zara/tproduct/660925688482-zara-kozhanie-myuli-na-kabluke,7 900
ZARA ЮБКА АСИММЕТРИЧНОГО КРОЯ — ZW COLLECTION,https://zara-russia.ru/zhenshchiny_yubki_zara/tproduct/271766744862-zara-yubka-asimmetrichnogo-kroya-zw-coll,10 800
ZARA АТЛАСНОЕ БОДИ С КРУЖЕВОМ — ZW COLLECTION,https://zara-russia.ru/zhenshchiny_topy_body_zara/tproduct/825720535422-zara-atlasnoe-bodi-s-kruzhevom-zw-collec,8 700
ZARA ДЖИНСЫ FLARE С ВЫСОКОЙ ПОСАДКОЙ — ZW COLLECTION,https://zara-russia.ru/zhenshchiny_dzhinsy_zara/tproduct/265832861492-zara-dzhinsi-flare-s-visokoi-posadkoi-zw,8 700
ZARA СОЛНЦЕЗАЩИТНЫЕ ОЧКИ С ЭКРАНОМ,https://zara-russia.ru/zhenshchiny-aksessuari_zara/tproduct/266124337502-zara-solntsezaschitnie-ochki-s-ekranom,8 700
ZARA РУБАШКА ИЗ ПОПЛИНА С ОБЪЕМНЫМИ РУКАВАМИ,https://zara-russia.ru/zhenshchiny_rubashki_bluzki_zara/tproduct/376557415722-zara-rubashka-iz-poplina-s-obemnimi-ruka,6 800
ZARA РУБАШКА С ОБЪЕМНЫМИ РУКАВАМИ,https://zara-russia.ru/zhenshchiny_rubashki_bluzki_zara/tproduct/850512569872-zara-rubashka-s-obemnimi-rukavami,4 900
ZARA ДЖИНСЫ ZW COLLECTION ANKLE BALLOON СО СРЕДНЕЙ ПОСАДКОЙ,https://zara-russia.ru/zhenshchiny_dzhinsy_zara/tproduct/168131163392-zara-dzhinsi-zw-collection-ankle-balloon,8 700
ZARA ДЖИНСОВАЯ ЮБКА Z1975 МИДИ С ПОЯСОМ,https://zara-russia.ru/zhenshchiny_yubki_zara/tproduct/242262344542-zara-dzhinsovaya-yubka-z1975-midi-s-poya,7 900
ZARA ЮБКА-ШОРТЫ С РЕМНЕМ,https://zara-russia.ru/zara_404/tproduct/241789377652-zara-yubka-shorti-s-remnem,4 900
ZARA МАЛЕНЬКАЯ ХОЛЩОВАЯ СУМКА-МЕШОК С ПРЯЖКОЙ,https://zara-russia.ru/zhenskie_sumki_zara/tproduct/920806104182-zara-malenkaya-holschovaya-sumka-meshok,5 400
ZARA СУМКА-МЕШОК НА ПЛЕЧО,https://zara-russia.ru/zhenskie_sumki_zara/tproduct/905920093262-zara-sumka-meshok-na-plecho,5 400
ZARA МЯГКИЕ БЕГОВЫЕ КРОССОВКИ,https://zara-russia.ru/zhenshchiny_obuv_zara/tproduct/865482040862-zara-myagkie-begovie-krossovki,8 100
ZARA АТЛАСНЫЕ БАЛЕТКИ С БАНТОМ,https://zara-russia.ru/zhenshchiny_obuv_zara/tproduct/213333040872-zara-atlasnie-baletki-s-bantom,5 400
ZARA КОЖАНЫЕ ЛОФЕРЫ С БАХРОМОЙ,https://zara-russia.ru/zhenshchiny_obuv_zara/tproduct/951496813422-zara-kozhanie-loferi-s-bahromoi,11 700
ZARA КОЖАНЫЕ ЛОФЕРЫ БЕЗ ЗАДНИКА,https://zara-russia.ru/zhenshchiny_obuv_zara/tproduct/844194697942-zara-kozhanie-loferi-bez-zadnika,8 100
ZARA РУБАШКА ИЗ ПОПЛИНА С ЗАВЯЗКАМИ — ZW COLLECTION,https://zara-russia.ru/zhenshchiny_rubashki_bluzki_zara/tproduct/573013422102-zara-rubashka-iz-poplina-s-zavyazkami-zw,7 900
ZARA БЛУЗА В ГОРОШЕК С БАНТОМ,https://zara-russia.ru/zhenshchiny_rubashki_bluzki_zara/tproduct/478478917102-zara-bluza-v-goroshek-s-bantom,6 300
ZARA РУБАШКА ИЗ ПОПЛИНА ZW COLLECTION,https://zara-russia.ru/zhenshchiny_rubashki_bluzki_zara/tproduct/403562024582-zara-rubashka-iz-poplina-zw-collection,6 800
ZARA ФУТБОЛКА НА ПУГОВИЦАХ,https://zara-russia.ru/zhenshchiny_futbolki_zara/tproduct/845598725252-zara-futbolka-na-pugovitsah,2 700
ZARA ФУТБОЛКА С ЭФФЕКТОМ ПОТЕРТОСТИ И ЗАКЛЕПКАМИ,https://zara-russia.ru/zhenshchiny_futbolki_zara/tproduct/136636746322-zara-futbolka-s-effektom-potertosti-i-za,3 600
ZARA ТОП ХАЛТЕР В РУБЧИК С ЭФФЕКТОМ ПОТЕРТОСТИ,https://zara-russia.ru/zhenshchiny_futbolki_zara/tproduct/449623085662-zara-top-halter-v-rubchik-s-effektom-pot,2 200
ZARA ФУТБОЛКА HANNAH MONTANA ©DISNEY,https://zara-russia.ru/zhenshchiny_futbolki_zara/tproduct/660906963452-zara-futbolka-hannah-montana-disney,4 100
ZARA ФУТБОЛКА HIGH SCHOOL MUSICAL ©DISNEY,https://zara-russia.ru/zhenshchiny_futbolki_zara/tproduct/988770640592-zara-futbolka-high-school-musical-disney,4 100
ZARA ФУТБОЛКА С КОРОТКИМИ РУКАВАМИ И ЭФФЕКТОМ ДВОЙНОГО НИЗА,https://zara-russia.ru/zhenshchiny_futbolki_zara/tproduct/535803936982-zara-futbolka-s-korotkimi-rukavami-i-eff,2 700
ZARA ФУТБОЛКА В ПОЛОСКУ С ТЕКСТОМ,https://zara-russia.ru/zhenshchiny_futbolki_zara/tproduct/229052338502-zara-futbolka-v-polosku-s-tekstom,4 400
ZARA ФУТБОЛКА В ПОЛОСКУ С ТЕКСТОМ,https://zara-russia.ru/zhenshchiny_futbolki_zara/tproduct/580239343172-zara-futbolka-v-polosku-s-tekstom,4 400
ZARA ФУТБОЛКА С НАДПИСЬЮ,https://zara-russia.ru/zhenshchiny_futbolki_zara/tproduct/504185877862-zara-futbolka-s-nadpisyu,1 900
ZARA ФУТБОЛКА ИЗ ПОЛИАМИДА НА ТОНКИХ БРЕТЕЛЯХ,https://zara-russia.ru/zhenshchiny_futbolki_zara/tproduct/356506658752-zara-futbolka-iz-poliamida-na-tonkih-bre,1 700
ZARA ФУТБОЛКА С НАДПИСЬЮ И КОНТРАСТНЫМИ ДЕТАЛЯМИ,https://zara-russia.ru/zhenshchiny_futbolki_zara/tproduct/819187233492-zara-futbolka-s-nadpisyu-i-kontrastnimi,2 700
ZARA БРЮКИ ПРЯМОГО КРОЯ ИЗ РЕЛЬЕФНОЙ ТКАНИ,https://zara-russia.ru/zhenshchiny_kostyumi_zara/tproduct/578848188782-zara-bryuki-pryamogo-kroya-iz-relefnoi-t,4 400
ZARA ПРЯМЫЕ БРЮКИ С ЗАЩИПАМИ,https://zara-russia.ru/zhenshchiny_kostyumi_zara/tproduct/844339442882-zara-pryamie-bryuki-s-zaschipami,7 900
ZARA УКОРОЧЕННЫЕ БРЮКИ-ШАРЫ,https://zara-russia.ru/zhenshchiny_bryuki_zara/tproduct/775211044702-zara-ukorochennie-bryuki-shari,4 100
ZARA РАСКЛЕШЕННЫЕ БРЮКИ С РАЗРЕЗАМИ ZW COLLECTION,https://zara-russia.ru/zhenshchiny_bryuki_zara/tproduct/451241827202-zara-raskleshennie-bryuki-s-razrezami-zw,7 900
ZARA БРЮКИ КАПРИ — ZW COLLECTION,https://zara-russia.ru/zhenshchiny_bryuki_zara/tproduct/820118370002-zara-bryuki-kapri-zw-collection,8 700
ZARA ДЖИНСЫ TRF BAGGY FOLDED СО СРЕДНЕЙ ПОСАДКОЙ,https://zara-russia.ru/zhenshchiny_dzhinsy_zara/tproduct/905715093912-zara-dzhinsi-trf-baggy-folded-so-srednei,7 900
ZARA ДЖИНСЫ Z1975 CROPPED СО СРЕДНЕЙ ПОСАДКОЙ,https://zara-russia.ru/zhenshchiny_dzhinsy_zara/tproduct/157295470922-zara-dzhinsi-z1975-cropped-so-srednei-po,6 800
ZARA ДЖИНСЫ TRF BALLOON СО СРЕДНЕЙ ПОСАДКОЙ БЭГГИ,https://zara-russia.ru/zhenshchiny_dzhinsy_zara/tproduct/274369849802-zara-dzhinsi-trf-balloon-so-srednei-posa,7 900
ZARA ДЖИНСЫ TRF BAGGY FOLDED С РАЗРЕЗАМИ И СРЕДНЕЙ ПОСАДКОЙ,https://zara-russia.ru/zhenshchiny_dzhinsy_zara/tproduct/125963499692-zara-dzhinsi-trf-baggy-folded-s-razrezam,7 900
ZARA ДЖИНСЫ BAGGY СО СРЕДНЕЙ ПОСАДКОЙ — ZW COLLECTION,https://zara-russia.ru/zhenshchiny_dzhinsy_zara/tproduct/467308179352-zara-dzhinsi-baggy-so-srednei-posadkoi-z,8 700
ZARA ДЖИНСЫ TRF LOOSE FOLDED С НИЗКОЙ ПОСАДКОЙ,https://zara-russia.ru/zhenshchiny_dzhinsy_zara/tproduct/732742549202-zara-dzhinsi-trf-loose-folded-s-nizkoi-p,7 900
ZARA ДЖИНСЫ TRF EXTRA WIDE LEG С ВЫСОКОЙ ПОСАДКОЙ,https://zara-russia.ru/zhenshchiny_dzhinsy_zara/tproduct/359247177952-zara-dzhinsi-trf-extra-wide-leg-s-visoko,7 900
ZARA ДЖИНСЫ TRF EXTRA WIDE-LEG С ВЫСОКОЙ ПОСАДКОЙ,https://zara-russia.ru/zhenshchiny_dzhinsy_zara/tproduct/781721985482-zara-dzhinsi-trf-extra-wide-leg-s-visoko,7 900
ZARA ТОП СО СБОРКАМИ,https://zara-russia.ru/zhenshchiny_topy_body_zara/tproduct/893176234002-zara-top-so-sborkami,3 600
ZARA КРОП-ТОП ИЗ ВЫСТИРАННОГО ПОПЛИНА,https://zara-russia.ru/zhenshchiny_topy_body_zara/tproduct/709044182452-zara-krop-top-iz-vistirannogo-poplina,4 900
ZARA ТОП-ЖИЛЕТ С ПУГОВИЦАМИ И ТЕКСТУРОЙ,https://zara-russia.ru/zhenshchiny_kostyumi_zara/tproduct/623302216852-zara-top-zhilet-s-pugovitsami-i-teksturo,4 100
ZARA ТОП БЕЗ РУКАВОВ,https://zara-russia.ru/zhenshchiny_topy_body_zara/tproduct/898625610352-zara-top-bez-rukavov,1 700
ZARA ПЛАТЬЕ МИДИ С ЮБКОЙ ГОДЕ И ГОРЛОВИНОЙ ХАЛТЕР,https://zara-russia.ru/zhenshchiny_platya_zara/tproduct/318623034562-zara-plate-midi-s-yubkoi-gode-i-gorlovin,7 900
ZARA АТЛАСНОЕ ПЛАТЬЕ МИДИ С КРУЖЕВОМ,https://zara-russia.ru/zhenskie_nizhnee_belie_zara/tproduct/567266761602-zara-atlasnoe-plate-midi-s-kruzhevom,13 500
ZARA ТРИКОТАЖНОЕ ПЛАТЬЕ С ПОЯСОМ,https://zara-russia.ru/zhenshchiny_platya_zara/tproduct/451711709012-zara-trikotazhnoe-plate-s-poyasom,7 900
ZARA КУРТКА ИЗ ЗАМШИ — ZW COLLECTION LIMITED EDITION,https://zara-russia.ru/zhenshchiny-kurtki_zara/tproduct/454216428192-zara-kurtka-iz-zamshi-zw-collection-limi,29 700
ZARA УКОРОЧЕННАЯ КУРТКА ИЗ ИСКУССТВЕННОЙ КОЖИ,https://zara-russia.ru/zhenshchiny-kurtki_zara/tproduct/330883436562-zara-ukorochennaya-kurtka-iz-iskusstvenn,8 700
ZARA КОЖАНАЯ КУРТКА-БОМБЕР 100% ZW COLLECTION LIMITED EDITION,https://zara-russia.ru/zhenshchiny-kurtki_zara/tproduct/447121714132-zara-kozhanaya-kurtka-bomber-100-zw-coll,56 700
ZARA КАРДИГАН ПОЛО,https://zara-russia.ru/zhenshchiny_cardigans_sweaters_zara/tproduct/644799399382-zara-kardigan-polo,4 900
ZARA СВИТЕР С ШИРОКИМИ РУКАВАМИ,https://zara-russia.ru/zhenshchiny_cardigans_sweaters_zara/tproduct/175826718662-zara-sviter-s-shirokimi-rukavami,6 800
ZARA СВИТЕР В ПОЛОСКУ,https://zara-russia.ru/zhenshchiny_cardigans_sweaters_zara/tproduct/745168792302-zara-sviter-v-polosku,5 400
ZARA ТРИКОТАЖНОЕ ПОЛО В ПОЛОСКУ,https://zara-russia.ru/zhenshchiny_cardigans_sweaters_zara/tproduct/327902360452-zara-trikotazhnoe-polo-v-polosku,5 400
ZARA СВИТЕР С КОНТРАСТНЫМИ ЦВЕТОЧНЫМИ ДЕТАЛЯМИ,https://zara-russia.ru/zhenshchiny_cardigans_sweaters_zara/tproduct/314040479372-zara-sviter-s-kontrastnimi-tsvetochnimi,10 800
ZARA КАРДИГАН В ТОЧКУ С ПАЙЕТКАМИ,https://zara-russia.ru/zhenshchiny_cardigans_sweaters_zara/tproduct/912340021922-zara-kardigan-v-tochku-s-paietkami,6 800
ZARA ПОЛО ИЗ ТРИКОТАЖА С КАРМАНОМ,https://zara-russia.ru/zhenshchiny_cardigans_sweaters_zara/tproduct/757513640792-zara-polo-iz-trikotazha-s-karmanom,6 300
ZARA ДЖЕМПЕР ВЯЗАНЫЙ АЖУРНЫЙ С РУКАВАМИ КЛЕШ,https://zara-russia.ru/zhenshchiny_cardigans_sweaters_zara/tproduct/624384903432-zara-dzhemper-vyazanii-azhurnii-s-rukava,4 900
ZARA КРОП-ТОП В РУБЧИК НА БРЕТЕЛЯХ,https://zara-russia.ru/zhenshchiny_topy_body_zara/tproduct/132014660972-zara-krop-top-v-rubchik-na-bretelyah,2 200
ZARA УКОРОЧЕННЫЕ ДЖИНСЫ TRF СО СРЕДНЕЙ ПОСАДКОЙ,https://zara-russia.ru/zhenshchiny_dzhinsy_zara/tproduct/518972667772-zara-ukorochennie-dzhinsi-trf-so-srednei,5 400
ZARA ОДНОТОННОЕ ПОЛО,https://zara-russia.ru/zhenshchiny_cardigans_sweaters_zara/tproduct/753273919652-zara-odnotonnoe-polo,4 900
ZARA ТОП-БАНДО АСИММЕТРИЧНОГО КРОЯ,https://zara-russia.ru/zara_404/tproduct/313215569742-zara-top-bando-asimmetrichnogo-kroya,4 900
ZARA КОРОТКОЕ ПЛАТЬЕ СО СБОРКАМИ И КРУЖЕВОМ,https://zara-russia.ru/zhenshchiny_platya_zara/tproduct/736658837092-zara-korotkoe-plate-so-sborkami-i-kruzhe,5 400
ZARA ДЖИНСЫ TRF WIDE-LEG С НИЗКОЙ ПОСАДКОЙ,https://zara-russia.ru/zhenshchiny_dzhinsy_zara/tproduct/546857208912-zara-dzhinsi-trf-wide-leg-s-nizkoi-posad,6 800
ZARA УКОРОЧЕННАЯ ФУТБОЛКА С КОРОТКИМИ РУКАВАМИ,https://zara-russia.ru/zhenshchiny_futbolki_zara/tproduct/574482461672-zara-ukorochennaya-futbolka-s-korotkimi,1 300
ZARA ПЛАТЬЕ-РУБАШКА МИДИ В ПОЛОСКУ,https://zara-russia.ru/zhenshchiny_platya_zara/tproduct/257671703412-zara-plate-rubashka-midi-v-polosku,7 900
ZARA СУМКА С ПЛЕЧЕВЫМ РЕМНЕМ И ПРЯЖКАМИ,https://zara-russia.ru/zhenskie_sumki_zara/tproduct/318632522072-zara-sumka-s-plechevim-remnem-i-pryazhka,4 400
ZARA КОРОТКИЙ ТРЕНЧ С ОБЪЕМНЫМ ПОДОЛОМ,https://zara-russia.ru/zhenshchiny-kurtki_zara/tproduct/167847798142-zara-korotkii-trench-s-obemnim-podolom,10 800
ZARA СТРУЯЩИЕСЯ БРЮКИ СО СКЛАДКАМИ,https://zara-russia.ru/zhenshchiny_bryuki_zara/tproduct/501187340962-zara-struyaschiesya-bryuki-so-skladkami,5 400
ZARA ПЛАТЬЕ МИДИ ИЗ САРЖИ С ХЛЯСТИКАМИ,https://zara-russia.ru/zhenshchiny_platya_zara/tproduct/495507830622-zara-plate-midi-iz-sarzhi-s-hlyastikami,8 700
ZARA РУБАШКА OVERSIZE В ПОЛОСКУ С РУКАВАМИ «ЛЕТУЧАЯ МЫШЬ»,https://zara-russia.ru/zhenshchiny_rubashki_bluzki_zara/tproduct/794867678242-zara-rubashka-oversize-v-polosku-s-rukav,5 400
ZARA СУМКА-МЕШОК С МЕТАЛЛИЧЕСКИМИ ДЕТАЛЯМИ,https://zara-russia.ru/zhenskie_sumki_zara/tproduct/492439757182-zara-sumka-meshok-s-metallicheskimi-deta,10 800
ZARA МИНИ-СУМКА С ПАЙЕТКАМИ,https://zara-russia.ru/zhenskie_sumki_zara/tproduct/184683905802-zara-mini-sumka-s-paietkami,6 300
ZARA СУМКА-МЕШОК СО СБОРКАМИ И ПАЙЕТКАМИ,https://zara-russia.ru/zhenskie_sumki_zara/tproduct/847634062812-zara-sumka-meshok-so-sborkami-i-paietkam,8 100
ZARA СУМКА-МЕШОК С БЛЕСТКАМИ,https://zara-russia.ru/zhenskie_sumki_zara/tproduct/494539817402-zara-sumka-meshok-s-blestkami,8 100
ZARA БЛЕЙЗЕР С ПРИНТОМ НА МАНЖЕТАХ,https://zara-russia.ru/zhenshchiny_blejzery_zara/tproduct/966953067482-zara-bleizer-s-printom-na-manzhetah,8 700
ZARA БРЮКИ ПАЛАЦЦО С ЗОЛОТОЙ ПУГОВИЦЕЙ,https://zara-russia.ru/zhenshchiny_bryuki_zara/tproduct/365223098062-zara-bryuki-palatstso-s-zolotoi-pugovits,6 800
ZARA АСИММЕТРИЧНЫЙ ТРИКОТАЖНЫЙ СВИТЕР,https://zara-russia.ru/zhenshchiny_cardigans_sweaters_zara/tproduct/241566720872-zara-asimmetrichnii-trikotazhnii-sviter,6 800
ZARA ПЛАТЬЕ МИДИ С ПОЯСОМ,https://zara-russia.ru/zhenshchiny_platya_zara/tproduct/187067591472-zara-plate-midi-s-poyasom,8 700
ZARA СВИТЕР С БУСИНАМИ,https://zara-russia.ru/zhenshchiny_cardigans_sweaters_zara/tproduct/785742741152-zara-sviter-s-businami,6 800
ZARA ТОП-КОРСЕТ С ЗАСТЕЖКОЙ-МОЛНИЕЙ,https://zara-russia.ru/zhenshchiny_topy_body_zara/tproduct/446283713432-zara-top-korset-s-zastezhkoi-molniei,4 900
ZARA РУБАШКА С ОБЪЕМНЫМИ РУКАВАМИ,https://zara-russia.ru/zara_404/tproduct/781213557252-zara-rubashka-s-obemnimi-rukavami,4 900
ZARA ПРЯМЫЕ БРЮКИ С РЕМНЕМ,https://zara-russia.ru/zhenshchiny_bryuki_zara/tproduct/388134543392-zara-pryamie-bryuki-s-remnem,6 800
ZARA РУБАШКА-САФАРИ ИЗ ПОПЛИНА,https://zara-russia.ru/zhenshchiny_rubashki_bluzki_zara/tproduct/468512166422-zara-rubashka-safari-iz-poplina,5 400
ZARA РУБАШКА САФАРИ ИЗ ПОПЛИНА,https://zara-russia.ru/zhenshchiny_rubashki_bluzki_zara/tproduct/753919570412-zara-rubashka-safari-iz-poplina,5 400
ZARA УКОРОЧЕННЫЙ БЛЕЙЗЕР С КАРМАНАМИ,https://zara-russia.ru/zhenshchiny_blejzery_zara/tproduct/904629124942-zara-ukorochennii-bleizer-s-karmanami,7 900
ZARA РУБАШКА ИЗ ПОПЛИНА С ЗАЩИПАМИ НА СПИНКЕ,https://zara-russia.ru/zhenshchiny_rubashki_bluzki_zara/tproduct/457530323222-zara-rubashka-iz-poplina-s-zaschipami-na,4 900
ZARA КОРОТКАЯ РУБАШКА В ПОЛОСКУ С НАКЛАДНЫМИ КЛАПАНАМИ,https://zara-russia.ru/zhenshchiny_rubashki_bluzki_zara/tproduct/878343949722-zara-korotkaya-rubashka-v-polosku-s-nakl,4 900
ZARA ПЛАТЬЕ МИДИ С ПОЯСОМ,https://zara-russia.ru/zhenshchiny_platya_zara/tproduct/718179767482-zara-plate-midi-s-poyasom,8 700
ZARA БЛУЗА С ВОЛАНАМИ И СБОРКАМИ,https://zara-russia.ru/zhenshchiny_rubashki_bluzki_zara/tproduct/408680012622-zara-bluza-s-volanami-i-sborkami,5 400
ZARA ШАРФ ИЗ МОДАЛА С ЦВЕТОЧНЫМ ПРИНТОМ,https://zara-russia.ru/zhenshchiny-aksessuari_zara/tproduct/831431651592-zara-sharf-iz-modala-s-tsvetochnim-print,4 900
ZARA ШАРФ С ПРИНТОМ ИЗ СМЕСИ МОДАЛА,https://zara-russia.ru/zhenshchiny-aksessuari_zara/tproduct/468581277442-zara-sharf-s-printom-iz-smesi-modala,4 900
ZARA ШАРФ С ПРИНТОМ «ПИОНЫ»,https://zara-russia.ru/zhenshchiny-aksessuari_zara/tproduct/686168909302-zara-sharf-s-printom-pioni,4 400
ZARA БРЮКИ ПАЛАЦЦО ИЗ СТРУЯЩЕЙСЯ ТКАНИ,https://zara-russia.ru/zhenshchiny_kostyumi_zara/tproduct/626198937342-zara-bryuki-palatstso-iz-struyascheisya,4 400
ZARA ТОП С РУКАВАМИ «ЛЕТУЧАЯ МЫШЬ»,https://zara-russia.ru/zhenshchiny_kostyumi_zara/tproduct/736071142072-zara-top-s-rukavami-letuchaya-mish,3 600
ZARA ПЛАТЬЕ МИДИ АСИММЕТРИЧНОГО КРОЯ,https://zara-russia.ru/zhenshchiny_platya_zara/tproduct/861161988652-zara-plate-midi-asimmetrichnogo-kroya,5 400
ZARA БРЮКИ BARREL С ЭЛАСТИЧНЫМ ПОЯСОМ,https://zara-russia.ru/zhenshchiny_bryuki_zara/tproduct/551549458372-zara-bryuki-barrel-s-elastichnim-poyasom,6 300
ZARA ТОП БЕЗ РУКАВОВ СО СБОРКАМИ,https://zara-russia.ru/zhenshchiny_topy_body_zara/tproduct/851992483662-zara-top-bez-rukavov-so-sborkami,4 900
ZARA АТЛАСНЫЙ ПЛАТОК С БАХРОМОЙ,https://zara-russia.ru/zhenshchiny-aksessuari_zara/tproduct/819054067882-zara-atlasnii-platok-s-bahromoi,4 400
ZARA КОМБИНИРОВАННЫЕ КРОССОВКИ,https://zara-russia.ru/zhenshchiny_obuv_zara/tproduct/296359829982-zara-kombinirovannie-krossovki,7 100
ZARA СУМКА С КОМБИНИРОВАННЫМИ ПРЯЖКАМИ,https://zara-russia.ru/zhenskie_sumki_zara/tproduct/244927417802-zara-sumka-s-kombinirovannimi-pryazhkami,6 500
ZARA ФУТБОЛКА С ВЫРЕЗОМ ЛОДОЧКОЙ,https://zara-russia.ru/zhenshchiny_futbolki_zara/tproduct/530841648142-zara-futbolka-s-virezom-lodochkoi,2 200
ZARA КОМБИНИРОВАННАЯ СУМКА С ПЛЕЧЕВЫМ РЕМНЕМ,https://zara-russia.ru/zhenskie_sumki_zara/tproduct/450441698282-zara-kombinirovannaya-sumka-s-plechevim,5 400
ZARA ФУТБОЛКА ИЗ ХЛОПКА С V-ОБРАЗНЫМ ВЫРЕЗОМ,https://zara-russia.ru/zhenshchiny_futbolki_zara/tproduct/292366419232-zara-futbolka-iz-hlopka-s-v-obraznim-vir,1 900
ZARA БЛУЗА В КЛЕТКУ С ВОЛАНАМИ,https://zara-russia.ru/zhenshchiny_rubashki_bluzki_zara/tproduct/108188521102-zara-bluza-v-kletku-s-volanami,6 300
ZARA ТРИКОТАЖНЫЙ ТОП С ЖАТЫМ ЭФФЕКТОМ И БУСИНАМИ,https://zara-russia.ru/zhenshchiny_topy_body_zara/tproduct/936715497082-zara-trikotazhnii-top-s-zhatim-effektom,6 800
ZARA БЛУЗА В РОМАНТИЧЕСКОМ СТИЛЕ С ВЫШИВКОЙ,https://zara-russia.ru/zhenshchiny_rubashki_bluzki_zara/tproduct/191180288212-zara-bluza-v-romanticheskom-stile-s-vish,5 400
ZARA КУРТКА ИЗ ИСКУССТВЕННОЙ ЗАМШИ,https://zara-russia.ru/zhenshchiny-kurtki_zara/tproduct/912851552012-zara-kurtka-iz-iskusstvennoi-zamshi,8 700
ZARA КОРОТКОЕ КРУЖЕВНОЕ ПЛАТЬЕ,https://zara-russia.ru/zhenshchiny_platya_zara/tproduct/959564886232-zara-korotkoe-kruzhevnoe-plate,6 800
ZARA БРЮКИ FLARE ИЗ ИНТЕРЛОКА СО СТРЕЛКАМИ,https://zara-russia.ru/zhenshchiny_bryuki_zara/tproduct/258562221752-zara-bryuki-flare-iz-interloka-so-strelk,4 900
ZARA ТОП ИЗ ИНТЕРЛОКА С ДЛИННЫМ РУКАВОМ,https://zara-russia.ru/zhenshchiny_topy_body_zara/tproduct/826092802872-zara-top-iz-interloka-s-dlinnim-rukavom,4 400
ZARA ЮБКА МИДИ АСИММЕТРИЧНОГО КРОЯ,https://zara-russia.ru/zhenshchiny_yubki_zara/tproduct/673789858262-zara-yubka-midi-asimmetrichnogo-kroya,7 900
ZARA КОРОТКИЙ ДВУБОРТНЫЙ ТРЕНЧ,https://zara-russia.ru/zhenshchiny-kurtki_zara/tproduct/854323905792-zara-korotkii-dvubortnii-trench,8 700
ZARA ПРОРЕЗИНЕННАЯ КУРТКА С КАПЮШОНОМ,https://zara-russia.ru/zhenshchiny-kurtki_zara/tproduct/573459197172-zara-prorezinennaya-kurtka-s-kapyushonom,7 900
ZARA БОСОНОЖКИ С РЕМЕШКАМИ ИЗ КОЖИ,https://zara-russia.ru/zhenshchiny_obuv_zara/tproduct/904999778322-zara-bosonozhki-s-remeshkami-iz-kozhi,7 900
ZARA ДЛИННЫЙ НЕПРОМОКАЕМЫЙ ВЕТРОЗАЩИТНЫЙ ТРЕНЧ С ПОЯСОМ,https://zara-russia.ru/zhenshchini_palto_zara/tproduct/536642494602-zara-dlinnii-nepromokaemii-vetrozaschitn,13 500
ZARA РУБАШКА ИЗ ПОПЛИНА В ПОЛОСКУ С ЭЛЕМЕНТАМИ ПЭЧВОРКА,https://zara-russia.ru/zhenshchiny_rubashki_bluzki_zara/tproduct/990216258142-zara-rubashka-iz-poplina-v-polosku-s-ele,6 300
ZARA ДЖИНСЫ Z1975 СВОБОДНОГО КРОЯ СО СРЕДНЕЙ ПОСАДКОЙ И ШИРОКИМИ ШТАНИНАМИ,https://zara-russia.ru/zhenshchiny_dzhinsy_zara/tproduct/466770245872-zara-dzhinsi-z1975-svobodnogo-kroya-so-s,6 800
ZARA ДВУБОРТНЫЙ БЛЕЙЗЕР ИЗ 100% ЗАМШИ,https://zara-russia.ru/zhenshchiny_blejzery_zara/tproduct/983178881962-zara-dvubortnii-bleizer-iz-100-zamshi,29 700
ZARA СТРУЯЩАЯСЯ РУБАШКА С ВОРОТНИКОМ-СТОЙКОЙ,https://zara-russia.ru/zhenshchiny_rubashki_bluzki_zara/tproduct/307432550712-zara-struyaschayasya-rubashka-s-vorotnik,6 300
ZARA КУРТКА-БАЛЛОН НА МОЛНИИ,https://zara-russia.ru/zhenshchiny-kurtki_zara/tproduct/859857956122-zara-kurtka-ballon-na-molnii,6 800
ZARA ДЖИНСЫ Z.03 ПРЯМОГО КРОЯ С ВЫСОКОЙ ПОСАДКОЙ И УДЛИНЕННЫМИ ШТАНИНАМИ,https://zara-russia.ru/zhenshchiny_dzhinsy_zara/tproduct/190872668182-zara-dzhinsi-z03-pryamogo-kroya-s-visoko,6 300
ZARA ТУФЛИ-МЮЛИ ИЗ КОЖИ С РЕМЕШКОМ,https://zara-russia.ru/zhenshchiny_obuv_zara/tproduct/847271786372-zara-tufli-myuli-iz-kozhi-s-remeshkom,10 300
ZARA ТУФЛИ-МЮЛИ С БАНТОМ,https://zara-russia.ru/zhenshchiny_obuv_zara/tproduct/565469867032-zara-tufli-myuli-s-bantom,6 000
ZARA ЗАМШЕВЫЕ ЛОФЕРЫ-МЮЛИ,https://zara-russia.ru/zhenshchiny_obuv_zara/tproduct/749481981792-zara-zamshevie-loferi-myuli,8 100
ZARA КОРОТКОЕ ПЛАТЬЕ ИЗ ИНТЕРЛОКА,https://zara-russia.ru/zhenshchiny_platya_zara/tproduct/727750781802-zara-korotkoe-plate-iz-interloka,4 900
ZARA ШАРФ С ПРИНТОМ В ГОРОШЕК,https://zara-russia.ru/zhenshchiny-aksessuari_zara/tproduct/402735418572-zara-sharf-s-printom-v-goroshek,4 400
ZARA СТЕГАНЫЙ БОМБЕР ИЗ ИСКУССТВЕННОЙ КОЖИ,https://zara-russia.ru/zhenshchiny-kurtki_zara/tproduct/472595877712-zara-steganii-bomber-iz-iskusstvennoi-ko,6 800
ZARA РУБАШКА ОВЕРСАЙЗ ИЗ ПОПЛИНА В ПОЛОСКУ,https://zara-russia.ru/zhenshchiny_rubashki_bluzki_zara/tproduct/320272543692-zara-rubashka-oversaiz-iz-poplina-v-polo,5 400
ZARA БОМБЕР СО СЪЕМНЫМ ПЛАТКОМ,https://zara-russia.ru/zhenshchiny-kurtki_zara/tproduct/382203049052-zara-bomber-so-semnim-platkom,4 100
ZARA ФУТБОЛКА ИЗ ЛЬНА С ЭФФЕКТОМ ПОТЕРТОСТИ,https://zara-russia.ru/zhenshchiny_futbolki_zara/tproduct/410481864052-zara-futbolka-iz-lna-s-effektom-potertos,3 600
ZARA ТРИКОТАЖНЫЙ ТОП С БАСКОЙ,https://zara-russia.ru/zhenshchiny_topy_body_zara/tproduct/211893577992-zara-trikotazhnii-top-s-baskoi,5 400
ZARA ТРИКОТАЖНЫЙ КАРДИГАН С БАСКОЙ,https://zara-russia.ru/zhenshchiny_cardigans_sweaters_zara/tproduct/187723833292-zara-trikotazhnii-kardigan-s-baskoi,6 800
ZARA АТЛАСНАЯ РУБАШКА В ГОРОШЕК С РЕМНЕМ,https://zara-russia.ru/zhenshchiny_rubashki_bluzki_zara/tproduct/772684775472-zara-atlasnaya-rubashka-v-goroshek-s-rem,5 400
ZARA ПЛАТЬЕ МИДИ С ПЛИССИРОВКОЙ,https://zara-russia.ru/zhenshchiny_platya_zara/tproduct/460625545762-zara-plate-midi-s-plissirovkoi,8 700
ZARA РУБАШКА ИЗ ПОПЛИНА В ПОЛОСКУ С РУКАВАМИ-БУФФ,https://zara-russia.ru/zhenshchiny_rubashki_bluzki_zara/tproduct/213504922802-zara-rubashka-iz-poplina-v-polosku-s-ruk,5 400
ZARA РУБАШКА ОВЕРСАЙЗ В ПОЛОСКУ С КОНТРАСТНЫМИ МАНЖЕТАМИ,https://zara-russia.ru/zhenshchiny_rubashki_bluzki_zara/tproduct/545605647602-zara-rubashka-oversaiz-v-polosku-s-kontr,6 300
ZARA ПЛАТОК ИЗ ВИСКОЗЫ 100% В ГОРОШЕК,https://zara-russia.ru/zhenshchiny-aksessuari_zara/tproduct/859137122882-zara-platok-iz-viskozi-100-v-goroshek,3 600
ZARA ПЛАТЬЕ МИДИ С ОБЪЕМНЫМИ РУКАВАМИ,https://zara-russia.ru/zhenshchiny_platya_zara/tproduct/632229602852-zara-plate-midi-s-obemnimi-rukavami,10 300
ZARA ЮБКА-ШОРТЫ ИЗ РЕЛЬЕФНОЙ ТКАНИ,https://zara-russia.ru/zhenshchiny_kostyumi_zara/tproduct/464554911922-zara-yubka-shorti-iz-relefnoi-tkani,6 300
ZARA КОРОТКАЯ КУРТКА ИЗ РЕЛЬЕФНОЙ ТКАНИ,https://zara-russia.ru/zhenshchiny_kostyumi_zara/tproduct/303361053682-zara-korotkaya-kurtka-iz-relefnoi-tkani,8 700
ZARA КЕПКА ИЗ САРЖИ С ЖИВОТНЫМ ПРИНТОМ,https://zara-russia.ru/zhenshchiny-aksessuari_zara/tproduct/138413122912-zara-kepka-iz-sarzhi-s-zhivotnim-printom,2 700
ZARA КЕПКА ИЗ САРЖИ С ВЫШИВКОЙ,https://zara-russia.ru/zhenshchiny-aksessuari_zara/tproduct/415731086332-zara-kepka-iz-sarzhi-s-vishivkoi,3 600
ZARA КЕПКА ИЗ САРЖИ С АНИМАЛИСТИЧЕСКИМ ПРИНТОМ,https://zara-russia.ru/zhenshchiny-aksessuari_zara/tproduct/334876361852-zara-kepka-iz-sarzhi-s-animalisticheskim,2 700
ZARA ТОП БЕЗ РУКАВОВ В РУБЧИК,https://zara-russia.ru/zhenshchiny_futbolki_zara/tproduct/663692529752-zara-top-bez-rukavov-v-rubchik,1 600
ZARA ТОП В РУБЧИК НА БРЕТЕЛЯХ,https://zara-russia.ru/zhenshchiny_futbolki_zara/tproduct/524414413622-zara-top-v-rubchik-na-bretelyah,1 900
ZARA БРЮКИ ИЗ МЯГКОЙ ТКАНИ С ЭФФЕКТОМ ПОТЕРТОСТИ И ЗАКЛЕПКАМИ,https://zara-russia.ru/zhenshchiny_tolstovki_zara/tproduct/653138134782-zara-bryuki-iz-myagkoi-tkani-s-effektom,6 800
ZARA ХУДИ С ЗАКЛЕПКАМИ,https://zara-russia.ru/zhenshchiny_tolstovki_zara/tproduct/516007003392-zara-hudi-s-zaklepkami,6 800
ZARA ТОП БАНДО С ВЫРЕЗОМ СЕРДЕЧКОМ,https://zara-russia.ru/zhenshchiny_topy_body_zara/tproduct/960948677842-zara-top-bando-s-virezom-serdechkom,2 700
ZARA ЭЛАСТИЧНОЕ БОДИ С КВАДРАТНЫМ ВЫРЕЗОМ,https://zara-russia.ru/zhenshchiny_topy_body_zara/tproduct/649911823712-zara-elastichnoe-bodi-s-kvadratnim-virez,2 700
ZARA ОБЛЕГАЮЩИЙ ТОП В РУБЧИК,https://zara-russia.ru/zhenshchiny_topy_body_zara/tproduct/331851176162-zara-oblegayuschii-top-v-rubchik,4 900
ZARA БРЮКИ ИЗ МЯГКОЙ ТКАНИ С ЭФФЕКТОМ ПОТЕРТОСТИ,https://zara-russia.ru/zhenshchiny_tolstovki_zara/tproduct/589337237752-zara-bryuki-iz-myagkoi-tkani-s-effektom,5 400
ZARA МЯГКИЙ КАРДИГАН,https://zara-russia.ru/zhenshchiny_cardigans_sweaters_zara/tproduct/688115523502-zara-myagkii-kardigan,4 900
ZARA СПОРТИВНЫЕ БАЛЕТКИ С ОТСТРОЧКОЙ,https://zara-russia.ru/zhenshchiny_obuv_zara/tproduct/369037758032-zara-sportivnie-baletki-s-otstrochkoi,5 400
ZARA БАЛЕТКИ‑МЮЛИ С ЭЛАСТИЧНЫМИ ПЕРЕКРЕЩИВАЮЩИМИСЯ РЕМЕШКАМИ,https://zara-russia.ru/zhenshchiny_obuv_zara/tproduct/935584460692-zara-baletkimyuli-s-elastichnimi-perekre,5 400
ZARA ДЖИНСЫ TRF BOOTCUT С НИЗКОЙ ПОСАДКОЙ,https://zara-russia.ru/zhenshchiny_dzhinsy_zara/tproduct/689005329102-zara-dzhinsi-trf-bootcut-s-nizkoi-posadk,6 800
ZARA ДЖИНСЫ TRF CROPPED FLARE С ВЫСОКОЙ ПОСАДКОЙ,https://zara-russia.ru/zhenshchiny_dzhinsy_zara/tproduct/776164483982-zara-dzhinsi-trf-cropped-flare-s-visokoi,5 400
ZARA ЗАМШЕВЫЕ ТУФЛИ-МЮЛИ,https://zara-russia.ru/zhenshchiny_obuv_zara/tproduct/162373440262-zara-zamshevie-tufli-myuli,8 100
ZARA ФУТБОЛКА ИЗ ПЛОТНОГО ХЛОПКА С КРУЖЕВОМ,https://zara-russia.ru/zhenshchiny_futbolki_zara/tproduct/141394917512-zara-futbolka-iz-plotnogo-hlopka-s-kruzh,4 400
ZARA РЕМЕНЬ ИЗ 100% ЗАМШИ С ОРГАНИЧЕСКОЙ ПРЯЖКОЙ,https://zara-russia.ru/zhenshchiny-aksessuari_zara/tproduct/186116988102-zara-remen-iz-100-zamshi-s-organicheskoi,6 800
ZARA БАЛЕТКИ-МЮЛИ С ОСТРЫМ НОСОМ,https://zara-russia.ru/zhenshchiny_obuv_zara/tproduct/975341987632-zara-baletki-myuli-s-ostrim-nosom,6 300
ZARA КОЖАНЫЕ БАЛЕТКИ С ДЕКОРАТИВНОЙ СТРОЧКОЙ,https://zara-russia.ru/zhenshchiny_obuv_zara/tproduct/501273482212-zara-kozhanie-baletki-s-dekorativnoi-str,8 100
ZARA ЮБКА С ЦВЕТОЧНЫМ ПРИНТОМ ZW COLLECTION,https://zara-russia.ru/zhenshchiny_yubki_zara/tproduct/529930824102-zara-yubka-s-tsvetochnim-printom-zw-coll,10 800
ZARA ТУФЛИ-МЮЛИ ИЗ СПИЛКА,https://zara-russia.ru/zhenshchiny_obuv_zara/tproduct/397972351472-zara-tufli-myuli-iz-spilka,8 100
ZARA БРЮКИ В КЛЕТКУ — ZW COLLECTION,https://zara-russia.ru/zhenshchiny_bryuki_zara/tproduct/700362266522-zara-bryuki-v-kletku-zw-collection,8 700
ZARA КРУЖЕВНОЙ КОРСЕТ,https://zara-russia.ru/zhenshchiny_topy_body_zara/tproduct/295520285292-zara-kruzhevnoi-korset,5 400
ZARA ДЖИНСЫ WIDE LEG С ВЫСОКОЙ ПОСАДКОЙ — ZW COLLECTION,https://zara-russia.ru/zhenshchiny_dzhinsy_zara/tproduct/227951406572-zara-dzhinsi-wide-leg-s-visokoi-posadkoi,6 800
ZARA КОЖАНЫЕ САНДАЛИИ С РЕМЕШКОМ,https://zara-russia.ru/zhenshchiny_obuv_zara/tproduct/963534662462-zara-kozhanie-sandalii-s-remeshkom,8 100
ZARA ШАРФ ИЗ 100% ВИСКОЗЫ С ЦВЕТОЧНЫМ ПРИНТОМ,https://zara-russia.ru/zhenshchiny-aksessuari_zara/tproduct/115744632962-zara-sharf-iz-100-viskozi-s-tsvetochnim,3 600
ZARA КОЖАНЫЕ САНДАЛИИ НА ПЛОСКОЙ ПОДОШВЕ,https://zara-russia.ru/zhenshchiny_obuv_zara/tproduct/870733478512-zara-kozhanie-sandalii-na-ploskoi-podosh,10 800
ZARA ВЯЗАНЫЙ ДЖЕРСИ С V-ОБРАЗНЫМ ВЫРЕЗОМ,https://zara-russia.ru/zhenshchiny_cardigans_sweaters_zara/tproduct/387217253622-zara-vyazanii-dzhersi-s-v-obraznim-virez,6 800
ZARA ДЖИНСЫ WIDE LEG С ВЫСОКОЙ ПОСАДКОЙ — ZW COLLECTION,https://zara-russia.ru/zhenshchiny_dzhinsy_zara/tproduct/324456748602-zara-dzhinsi-wide-leg-s-visokoi-posadkoi,6 800
ZARA УКОРОЧЕННЫЙ БЛЕЙЗЕР С КОРОТКИМИ РУКАВАМИ — ZW COLLECTION,https://zara-russia.ru/zhenshchiny_blejzery_zara/tproduct/659741748772-zara-ukorochennii-bleizer-s-korotkimi-ru,13 500
ZARA КОРОТКИЙ ТРЕНЧ WATER-REPELLENT — ZW COLLECTION,https://zara-russia.ru/zhenshchiny-kurtki_zara/tproduct/144719538172-zara-korotkii-trench-water-repellent-zw,13 500
ZARA КОРОТКИЙ ТРЕНЧ WATER-REPELLENT — ZW COLLECTION,https://zara-russia.ru/zhenshchiny-kurtki_zara/tproduct/257829526252-zara-korotkii-trench-water-repellent-zw,13 500
ZARA ТУФЛИ НА КАБЛУКЕ С КВАДРАТНЫМ НОСОМ,https://zara-russia.ru/zhenshchiny_obuv_zara/tproduct/157214150952-zara-tufli-na-kabluke-s-kvadratnim-nosom,7 600
ZARA РУБАШКА С V-ОБРАЗНЫМ ВЫРЕЗОМ — ZW COLLECTION,https://zara-russia.ru/zhenshchiny_rubashki_bluzki_zara/tproduct/993389217242-zara-rubashka-s-v-obraznim-virezom-zw-co,6 800
ZARA БОСОНОЖКИ НА КАБЛУКЕ С УЗЛАМИ ИЗ КОЖИ,https://zara-russia.ru/zhenshchiny_obuv_zara/tproduct/797372154172-zara-bosonozhki-na-kabluke-s-uzlami-iz-k,7 100
ZARA ТОП ИЗ УЛЬТРАТОНКОГО ТРИКОТАЖА,https://zara-russia.ru/zhenshchiny_topy_body_zara/tproduct/457334744312-zara-top-iz-ultratonkogo-trikotazha,4 400
ZARA КУРТКА С ВОЩЕНЫМ ПОКРЫТИЕМ — ZW COLLECTION,https://zara-russia.ru/zhenshchiny-kurtki_zara/tproduct/990935262622-zara-kurtka-s-voschenim-pokritiem-zw-col,15 200
ZARA ЗАМШЕВЫЕ БАЛЕТКИ,https://zara-russia.ru/zhenshchiny_obuv_zara/tproduct/735882392442-zara-zamshevie-baletki,8 700
ZARA СОЛНЦЕЗАЩИТНЫЕ ОЧКИ В КВАДРАТНОЙ ОПРАВЕ,https://zara-russia.ru/zhenshchiny-aksessuari_zara/tproduct/496742763092-zara-solntsezaschitnie-ochki-v-kvadratno,8 700
ZARA КОМБИНИРОВАННОЕ ОЖЕРЕЛЬЕ С БУСИНАМИ И СТРАЗАМИ,https://zara-russia.ru/zhenshchiny-aksessuari_zara/tproduct/650394717582-zara-kombinirovannoe-ozherele-s-businami,5 400
ZARA БОМБЕР ИЗ ИСКУССТВЕННОЙ КОЖИ — ZW COLLECTION,https://zara-russia.ru/zhenshchiny-kurtki_zara/tproduct/998359648812-zara-bomber-iz-iskusstvennoi-kozhi-zw-co,13 500
ZARA БРЮКИ CROPPED — ZW COLLECTION,https://zara-russia.ru/zhenshchiny_kostyumi_zara/tproduct/598029663272-zara-bryuki-cropped-zw-collection,8 700
ZARA СОЛНЦЕЗАЩИТНЫЕ ОЧКИ «КОШАЧИЙ ГЛАЗ»,https://zara-russia.ru/zhenshchiny-aksessuari_zara/tproduct/220295946892-zara-solntsezaschitnie-ochki-koshachii-g,8 700
ZARA БОДИ ИЗ ВИСКОЗНОЙ СМЕСИ,https://zara-russia.ru/zhenskie_nizhnee_belie_zara/tproduct/618208279742-zara-bodi-iz-viskoznoi-smesi,5 400
ZARA ФУТБОЛКА ИЗ СМЕСОВОГО ЛИОЦЕЛЛА С ВОРОТНИКОМ НА КНОПКАХ,https://zara-russia.ru/zhenskie_nizhnee_belie_zara/tproduct/806762789812-zara-futbolka-iz-smesovogo-liotsella-s-v,6 800
ZARA ШОРТЫ ИЗ СМЕСОВОГО ЛИОЦЕЛЛА НА ПУГОВИЦАХ,https://zara-russia.ru/zhenskie_nizhnee_belie_zara/tproduct/667319562272-zara-shorti-iz-smesovogo-liotsella-na-pu,4 400
ZARA ТРУСЫ-ТАНГА ИЗ СМЕСОВОГО ПОЛИАМИДА С КРУЖЕВОМ,https://zara-russia.ru/zhenskie_nizhnee_belie_zara/tproduct/333821110862-zara-trusi-tanga-iz-smesovogo-poliamida,2 700
ZARA ТОП-ЧУЛКИ С КРУЖЕВОМ,https://zara-russia.ru/zhenskie_nizhnee_belie_zara/tproduct/189921446082-zara-top-chulki-s-kruzhevom,3 600
ZARA КРУЖЕВНОЙ БРАЛЕТТ С ТРЕУГОЛЬНЫМИ ЧАШКАМИ,https://zara-russia.ru/zhenskie_nizhnee_belie_zara/tproduct/985710457902-zara-kruzhevnoi-bralett-s-treugolnimi-ch,2 700
ZARA БОДИ ИЗ СЕТКИ С КРУЖЕВОМ,https://zara-russia.ru/zhenskie_nizhnee_belie_zara/tproduct/457285914322-zara-bodi-iz-setki-s-kruzhevom,4 400
ZARA БЮСТГАЛЬТЕР НА КОСТОЧКАХ ИЗ ПОЛИАМИДА,https://zara-russia.ru/zhenskie_nizhnee_belie_zara/tproduct/385933433602-zara-byustgalter-na-kostochkah-iz-poliam,4 400
ZARA ТРЕНЧ ОВЕРСАЙЗ В КЛЕТКУ — ZW COLLECTION,https://zara-russia.ru/zhenshchini_palto_zara/tproduct/622950482002-zara-trench-oversaiz-v-kletku-zw-collect,20 600
ZARA БРЮКИ В ПОЛОСКУ СО СКЛАДКАМИ — ZW COLLECTION,https://zara-russia.ru/zhenshchiny_kostyumi_zara/tproduct/162402533892-zara-bryuki-v-polosku-so-skladkami-zw-co,8 700
ZARA ТОП С КОРОТКИМИ РУКАВАМИ — ZW COLLECTION,https://zara-russia.ru/zhenshchiny_topy_body_zara/tproduct/770977579942-zara-top-s-korotkimi-rukavami-zw-collect,7 900
ZARA МЕТАЛЛИЧЕСКОЕ КОЛЬЕ-ЦЕПОЧКА,https://zara-russia.ru/zhenshchiny-aksessuari_zara/tproduct/268766911972-zara-metallicheskoe-kole-tsepochka,4 100
ZARA УКОРОЧЕННЫЕ РАСКЛЕШЕННЫЕ БРЮКИ ИЗ ШЕРСТИ — ZW COLLECTION,https://zara-russia.ru/zhenshchiny_bryuki_zara/tproduct/199928523542-zara-ukorochennie-raskleshennie-bryuki-i,13 500
ZARA БРЮКИ ZW COLLECTION С ДРАПИРОВКОЙ И ПРИНТОМ,https://zara-russia.ru/zhenshchiny_bryuki_zara/tproduct/206539200422-zara-bryuki-zw-collection-s-drapirovkoi,15 200
ZARA ДЛИННЫЙ КОМБИНИРОВАННЫЙ ТРЕНЧ — ZW COLLECTION,https://zara-russia.ru/zhenshchini_palto_zara/tproduct/921579621642-zara-dlinnii-kombinirovannii-trench-zw-c,29 700
ZARA РУБАШКА В ПОЛОСКУ С ОБЪЕМНЫМИ РУКАВАМИ — ZW COLLECTION,https://zara-russia.ru/zhenshchiny_rubashki_bluzki_zara/tproduct/942435579472-zara-rubashka-v-polosku-s-obemnimi-rukav,6 800
ZARA РУБАШКА ИЗ СТРУЯЩЕЙСЯ ТКАНИ С ПРИНТОМ — ZW COLLECTION,https://zara-russia.ru/zhenshchiny_rubashki_bluzki_zara/tproduct/860596389542-zara-rubashka-iz-struyascheisya-tkani-s,10 300
ZARA НАБОР ИЗ 2 КОЛЕЦ С ГЕОМЕТРИЧЕСКИМИ ФИГУРАМИ,https://zara-russia.ru/zhenshchiny-aksessuari_zara/tproduct/516812871512-zara-nabor-iz-2-kolets-s-geometricheskim,3 600
ZARA ПАРКА ОВЕРСАЙЗ ИЗ КОЛЛЕКЦИИ ZW,https://zara-russia.ru/zhenshchini_palto_zara/tproduct/684463306052-zara-parka-oversaiz-iz-kollektsii-zw,17 900
ZARA УКОРОЧЕННЫЕ БРЮКИ С ЗАЩИПАМИ — ZW COLLECTION,https://zara-russia.ru/zhenshchiny_bryuki_zara/tproduct/524870619382-zara-ukorochennie-bryuki-s-zaschipami-zw,8 700
ZARA СЕРЬГИ-КОЛЬЦА С ШАРИКАМИ,https://zara-russia.ru/zhenshchiny-aksessuari_zara/tproduct/511536283802-zara-sergi-koltsa-s-sharikami,2 700
ZARA СВОБОДНЫЕ ШОРТЫ С ПРИНТОМ — ZW COLLECTION,https://zara-russia.ru/zara_404/tproduct/947812212712-zara-svobodnie-shorti-s-printom-zw-colle,10 800
ZARA ПЛИССИРОВАННЫЕ ОБЪЕМНЫЕ БРЮКИ — ZW COLLECTION,https://zara-russia.ru/zhenshchiny_bryuki_zara/tproduct/435858082982-zara-plissirovannie-obemnie-bryuki-zw-co,10 800
ZARA ДВУБОРТНАЯ КУРТКА СО СКЛАДКАМИ — ZW COLLECTION,https://zara-russia.ru/zhenshchiny-kurtki_zara/tproduct/700235343372-zara-dvubortnaya-kurtka-so-skladkami-zw,17 900
ZARA ДЖИНСЫ RELAXED СО СРЕДНЕЙ ПОСАДКОЙ — ZW COLLECTION,https://zara-russia.ru/zhenshchiny_dzhinsy_zara/tproduct/926716391452-zara-dzhinsi-relaxed-so-srednei-posadkoi,10 800
ZARA ТРЕНЧ ОВЕРСАЙЗ ИЗ ИСКУССТВЕННОЙ КОЖИ — ZW COLLECTION,https://zara-russia.ru/zhenshchini_palto_zara/tproduct/327645263172-zara-trench-oversaiz-iz-iskusstvennoi-ko,20 600
ZARA ТУФЛИ-МЮЛИ С РЕМЕШКОМ,https://zara-russia.ru/zhenshchiny_obuv_zara/tproduct/523382532992-zara-tufli-myuli-s-remeshkom,6 300
ZARA КОЖАНЫЕ ТУФЛИ НА КАБЛУКЕ,https://zara-russia.ru/zhenshchiny_obuv_zara/tproduct/961497108362-zara-kozhanie-tufli-na-kabluke,8 700
ZARA ДРАПИРОВАННЫЙ ХЛОПКОВЫЙ ТОП,https://zara-russia.ru/zhenshchiny_kostyumi_zara/tproduct/125740365792-zara-drapirovannii-hlopkovii-top,3 600
ZARA БРЮКИ HEAVY COTTON С ПОЯСОМ-FAJIN,https://zara-russia.ru/zhenshchiny_kostyumi_zara/tproduct/665613239792-zara-bryuki-heavy-cotton-s-poyasom-fajin,4 900
ZARA БОДИ АСИММЕТРИЧНОГО КРОЯ СО СБОРКАМИ,https://zara-russia.ru/zhenshchiny_topy_body_zara/tproduct/368161805022-zara-bodi-asimmetrichnogo-kroya-so-sbork,4 100
ZARA ШИРОКИЕ БРЮКИ ПРЯМОГО КРОЯ,https://zara-russia.ru/zhenshchiny_bryuki_zara/tproduct/231873845622-zara-shirokie-bryuki-pryamogo-kroya,4 900
ZARA БОДИ СО СБОРКАМИ,https://zara-russia.ru/zhenshchiny_topy_body_zara/tproduct/120833850272-zara-bodi-so-sborkami,4 900
ZARA БОДИ АСИММЕТРИЧНОГО КРОЯ СО СБОРКАМИ,https://zara-russia.ru/zhenshchiny_topy_body_zara/tproduct/450287267412-zara-bodi-asimmetrichnogo-kroya-so-sbork,4 900
ZARA ФУТБОЛКА СВОБОДНОГО КРОЯ С ПОДПЛЕЧНИКАМИ,https://zara-russia.ru/zhenshchiny_topy_body_zara/tproduct/437718538442-zara-futbolka-svobodnogo-kroya-s-podplec,4 400
ZARA ТОП С ОБЪЕМНЫМИ РУКАВАМИ И РАЗРЕЗАМИ,https://zara-russia.ru/zhenshchiny_topy_body_zara/tproduct/554098536352-zara-top-s-obemnimi-rukavami-i-razrezami,5 400
ZARA ДЛИННОЕ ХЛОПКОВОЕ ПЛАТЬЕ,https://zara-russia.ru/zhenshchiny_platya_zara/tproduct/626398629292-zara-dlinnoe-hlopkovoe-plate,5 400
ZARA ТОП В КЛЕТКУ С ЭФФЕКТОМ ЖАТКИ,https://zara-russia.ru/zhenshchiny_topy_body_zara/tproduct/757186484322-zara-top-v-kletku-s-effektom-zhatki,5 400
ZARA УКОРОЧЕННЫЙ ВЯЗАНЫЙ КАРДИГАН,https://zara-russia.ru/zhenshchiny_cardigans_sweaters_zara/tproduct/579349313282-zara-ukorochennii-vyazanii-kardigan,6 800
ZARA МИНИ-ПЛАТЬЕ С БАНТОМ,https://zara-russia.ru/zhenshchiny_platya_zara/tproduct/846884461102-zara-mini-plate-s-bantom,6 800
ZARA МИНИ-ПЛАТЬЕ ИЗ ПОПЛИНА,https://zara-russia.ru/zhenshchiny_platya_zara/tproduct/142350140612-zara-mini-plate-iz-poplina,6 800
ZARA ТУФЛИ НА КАБЛУКЕ С ДЕКОРАТИВНЫМ БАНТОМ,https://zara-russia.ru/zhenshchiny_obuv_zara/tproduct/991294185772-zara-tufli-na-kabluke-s-dekorativnim-ban,6 500
ZARA ПРЯМЫЕ БРЮКИ С ЗАЩИПАМИ,https://zara-russia.ru/zhenshchiny_bryuki_zara/tproduct/438103572812-zara-pryamie-bryuki-s-zaschipami,6 800
ZARA ТРИКОТАЖНЫЙ ТОП В РУБЧИК С КОНТРАСТНЫМИ КАНТАМИ,https://zara-russia.ru/zhenshchiny_topy_body_zara/tproduct/702979193242-zara-trikotazhnii-top-v-rubchik-s-kontra,4 400
ZARA ВЯЗАНЫЙ ЖАКЕТ В РУБЧИК С КОНТРАСТНОЙ ОТДЕЛКОЙ,https://zara-russia.ru/zhenshchiny_cardigans_sweaters_zara/tproduct/303340249852-zara-vyazanii-zhaket-v-rubchik-s-kontras,5 400
ZARA КОЖАНЫЕ БАЛЕТКИ С ЭЛАСТИЧНЫМ РЕМЕШКОМ,https://zara-russia.ru/zhenshchiny_obuv_zara/tproduct/729082384582-zara-kozhanie-baletki-s-elastichnim-reme,8 700
ZARA ДВУБОРТНЫЙ БЛЕЙЗЕР С ВОРОТНИКОМ С ЛАЦКАНАМИ,https://zara-russia.ru/zhenshchiny_kostyumi_zara/tproduct/116109817562-zara-dvubortnii-bleizer-s-vorotnikom-s-l,10 300
ZARA ПЛАТЬЕ МИДИ В ГОРОШЕК,https://zara-russia.ru/zhenshchiny_platya_zara/tproduct/906473589822-zara-plate-midi-v-goroshek,7 900
ZARA БРЮКИ С ЗАЩИПАМИ И ОТВОРОТАМИ,https://zara-russia.ru/zhenshchiny_bryuki_zara/tproduct/888077744842-zara-bryuki-s-zaschipami-i-otvorotami,6 800
ZARA БЛУЗА В ГОРОШЕК,https://zara-russia.ru/zhenshchiny_topy_body_zara/tproduct/115125648492-zara-bluza-v-goroshek,4 900
ZARA ДЖИНСЫ Z1975 JOGGER WIDE LEG С ВЫСОКОЙ ПОСАДКОЙ,https://zara-russia.ru/zhenshchiny_kostyumi_zara/tproduct/839613116632-zara-dzhinsi-z1975-jogger-wide-leg-s-vis,5 400
ZARA РУБАШКА Z1975 ДЕНИМ ОВЕРСАЙЗ,https://zara-russia.ru/zhenshchiny_rubashki_bluzki_zara/tproduct/838924992982-zara-rubashka-z1975-denim-oversaiz,5 400
ZARA РУБАШКА ИЗ ПОПЛИНА С РУКАВАМИ-БУФАМИ,https://zara-russia.ru/zhenshchiny_rubashki_bluzki_zara/tproduct/227257862072-zara-rubashka-iz-poplina-s-rukavami-bufa,5 400
ZARA ДЖИНСЫ Z1975 STRAIGHT СО СРЕДНЕЙ ПОСАДКОЙ,https://zara-russia.ru/zhenshchiny_dzhinsy_zara/tproduct/447929666342-zara-dzhinsi-z1975-straight-so-srednei-p,7 900
ZARA ПЛАТОК ИЗ ВИСКОЗЫ С ЦВЕТОЧНЫМ ПРИНТОМ,https://zara-russia.ru/zhenshchiny-aksessuari_zara/tproduct/189569059732-zara-platok-iz-viskozi-s-tsvetochnim-pri,3 600
ZARA РУБАШКА С ХЛЯСТИКАМИ НА ПЛЕЧАХ,https://zara-russia.ru/zhenshchiny_rubashki_bluzki_zara/tproduct/382009652252-zara-rubashka-s-hlyastikami-na-plechah,5 400
ZARA ДВУБОРТНЫЙ БЛЕЙЗЕР ОВЕРСАЙЗ,https://zara-russia.ru/zhenshchiny_blejzery_zara/tproduct/864164965732-zara-dvubortnii-bleizer-oversaiz,8 700
ZARA БРЮКИ С ЗАЩИПАМИ И РЕМНЕМ,https://zara-russia.ru/zhenshchiny_bryuki_zara/tproduct/842628028412-zara-bryuki-s-zaschipami-i-remnem,6 800
ZARA ДЛИННЫЕ БЕРМУДЫ С ЗАЩИПАМИ,https://zara-russia.ru/zhenshchiny_yubki_zara/tproduct/607737047232-zara-dlinnie-bermudi-s-zaschipami,5 400
ZARA СВИТЕР ИЗ ТРИКОТАЖА С КОРОТКИМИ РУКАВАМИ,https://zara-russia.ru/zhenshchiny_cardigans_sweaters_zara/tproduct/919771732182-zara-sviter-iz-trikotazha-s-korotkimi-ru,5 400
ZARA КОМБИНИРОВАННЫЕ БАЛЕТКИ,https://zara-russia.ru/zhenshchiny_obuv_zara/tproduct/973639589312-zara-kombinirovannie-baletki,7 900
ZARA УКОРОЧЕННЫЙ СВИТЕР,https://zara-russia.ru/zhenshchiny_cardigans_sweaters_zara/tproduct/586658428722-zara-ukorochennii-sviter,5 400
ZARA КОМБИНИРОВАННЫЙ ТОП ПОЛО В ПОЛОСКУ,https://zara-russia.ru/zhenshchiny_topy_body_zara/tproduct/586989919792-zara-kombinirovannii-top-polo-v-polosku,5 400
ZARA БРЮКИ С ЗАЩИПАМИ И ШЛЕВКОЙ НА СПИНКЕ,https://zara-russia.ru/zhenshchiny_bryuki_zara/tproduct/818531893622-zara-bryuki-s-zaschipami-i-shlevkoi-na-s,6 800
ZARA ДВУБОРТНЫЙ БЛЕЙЗЕР ОВЕРСАЙЗ,https://zara-russia.ru/zhenshchiny_blejzery_zara/tproduct/837450364152-zara-dvubortnii-bleizer-oversaiz,8 700
ZARA ТРИКОТАЖНЫЙ ТОП С АКЦЕНТОМ НА ПЛЕЧИ,https://zara-russia.ru/zhenshchiny_topy_body_zara/tproduct/374727158262-zara-trikotazhnii-top-s-aktsentom-na-ple,4 900
ZARA БРЮКИ ЧИНОС ПРЯМОГО КРОЯ,https://zara-russia.ru/zhenshchiny_bryuki_zara/tproduct/117808916622-zara-bryuki-chinos-pryamogo-kroya,6 300
ZARA РУБАШКА В ПОЛОСКУ С ОБЪЕМНЫМИ РУКАВАМИ,https://zara-russia.ru/zhenshchiny_rubashki_bluzki_zara/tproduct/862288476322-zara-rubashka-v-polosku-s-obemnimi-rukav,6 300
ZARA ПЛАТЬЕ МИДИ В ПОЛОСКУ С РЕМНЕМ,https://zara-russia.ru/zhenshchiny_platya_zara/tproduct/425439410252-zara-plate-midi-v-polosku-s-remnem,10 300
ZARA ТРАНШЕЯ С СЪЕМНЫМ ЖИЛЕТОМ 2 В 1 - THE ITEM ZARA WOMAN,https://zara-russia.ru/zhenshchini_palto_zara/tproduct/464273536362-zara-transheya-s-semnim-zhiletom-2-v-1-t,27 000
ZARA ПРИТАЛЕННЫЙ ТРИКОТАЖНЫЙ ТОП С ВЫРЕЗОМ,https://zara-russia.ru/zhenshchiny_topy_body_zara/tproduct/698904869752-zara-pritalennii-trikotazhnii-top-s-vire,4 900
ZARA ТУФЛИ-МЮЛИ С ПРИНТОМ,https://zara-russia.ru/zhenshchiny_obuv_zara/tproduct/753496732332-zara-tufli-myuli-s-printom,5 400
ZARA КОРОТКОЕ МЯГКОЕ ПЛАТЬЕ С ПУГОВИЦАМИ,https://zara-russia.ru/zhenshchiny_platya_zara/tproduct/588782010862-zara-korotkoe-myagkoe-plate-s-pugovitsam,5 400
ZARA ФУТБОЛКА С ДВОЙНОЙ ПРЯЖКОЙ,https://zara-russia.ru/zhenshchiny_futbolki_zara/tproduct/176613536172-zara-futbolka-s-dvoinoi-pryazhkoi,4 100
ZARA ТУФЛИ-ДЕРБИ ИЗ МЯГКОЙ КОЖИ,https://zara-russia.ru/zhenshchiny_obuv_zara/tproduct/190735894272-zara-tufli-derbi-iz-myagkoi-kozhi,10 800
ZARA БРЮКИ FLARE В ПОЛОСКУ,https://zara-russia.ru/zhenshchiny_bryuki_zara/tproduct/151255393742-zara-bryuki-flare-v-polosku,5 400
ZARA ТОП ИЗ ПОПЛИНА С ЗАВЯЗКАМИ,https://zara-russia.ru/zhenshchiny_topy_body_zara/tproduct/258893580972-zara-top-iz-poplina-s-zavyazkami,4 900
ZARA ПОЛУПРОЗРАЧНЫЙ ТРИКОТАЖНЫЙ ТОП В ГОРОШЕК,https://zara-russia.ru/zhenshchiny_topy_body_zara/tproduct/864382896442-zara-poluprozrachnii-trikotazhnii-top-v,4 900
ZARA ТОП-ЖИЛЕТ С ЭФФЕКТОМ ПОТЕРТОСТИ И КАРМАНОМ,https://zara-russia.ru/zhenshchiny_topy_body_zara/tproduct/913886014702-zara-top-zhilet-s-effektom-potertosti-i,4 400
ZARA КОЖАНАЯ ТАНКЕТКА,https://zara-russia.ru/zhenshchiny_obuv_zara/tproduct/434049785732-zara-kozhanaya-tanketka,10 300
ZARA МИНИ-ШОРТЫ С КАРМАНАМИ,https://zara-russia.ru/zhenshchiny_yubki_zara/tproduct/503428544752-zara-mini-shorti-s-karmanami,4 900
ZARA КРОП-ТОП-КОРСЕТ ИЗ ПОПЛИНА,https://zara-russia.ru/zhenshchiny_topy_body_zara/tproduct/454368203262-zara-krop-top-korset-iz-poplina,4 400
ZARA КУРТКА С РУКАВАМИ «ФОНАРИК» В ГОРОШЕК,https://zara-russia.ru/zhenshchiny-kurtki_zara/tproduct/815337693102-zara-kurtka-s-rukavami-fonarik-v-goroshe,8 700
ZARA УКОРОЧЕННЫЙ ТОП В РУБЧИК,https://zara-russia.ru/zhenshchiny_topy_body_zara/tproduct/213602378592-zara-ukorochennii-top-v-rubchik,4 400
ZARA КОРОТКИЙ КОМБИНЕЗОН В ГОРОШЕК,https://zara-russia.ru/zhenshchiny_platya_zara/tproduct/607387017722-zara-korotkii-kombinezon-v-goroshek,6 800
ZARA БРЮКИ FLARE,https://zara-russia.ru/zhenshchiny_bryuki_zara/tproduct/774261015942-zara-bryuki-flare,5 400
ZARA УКОРОЧЕННЫЙ ТОП ИЗ МЯГКОЙ ТКАНИ С ПУГОВИЦАМИ,https://zara-russia.ru/zhenshchiny_topy_body_zara/tproduct/524815197362-zara-ukorochennii-top-iz-myagkoi-tkani-s,4 900
ZARA ЭЛАСТИЧНЫЕ БРЮКИ ИЗ САРЖИ С ПЕТЛЯМИ,https://zara-russia.ru/zhenshchiny_bryuki_zara/tproduct/100084231652-zara-elastichnie-bryuki-iz-sarzhi-s-petl,6 300
ZARA ТОП В РУБЧИК С ЭФФЕКТОМ ПОТЕРТОСТИ,https://zara-russia.ru/zhenshchiny_topy_body_zara/tproduct/841295442512-zara-top-v-rubchik-s-effektom-potertosti,3 600
ZARA КУРТКА С ВЫСОКИМ ВОРОТНИКОМ,https://zara-russia.ru/zhenshchiny-kurtki_zara/tproduct/322671473152-zara-kurtka-s-visokim-vorotnikom,8 700
ZARA КУРТКА С ЗАКЛЕПКАМИ И ЭФФЕКТОМ ПОТЕРТОСТИ,https://zara-russia.ru/zhenshchiny-kurtki_zara/tproduct/910275803482-zara-kurtka-s-zaklepkami-i-effektom-pote,10 800
ZARA РЕМЕНЬ ИЗ 100% ЗАМШИ С ЗАКЛЕПКАМИ,https://zara-russia.ru/zhenshchiny-aksessuari_zara/tproduct/368181672432-zara-remen-iz-100-zamshi-s-zaklepkami,6 800
ZARA НАКИДКА ВОЩЕНАЯ С ОТСТЕГИВАЮЩИМСЯ ВОРОТНИКОМ,https://zara-russia.ru/zhenshchiny-kurtki_zara/tproduct/521099713412-zara-nakidka-voschenaya-s-otstegivayusch,10 800
ZARA БОМБЕР ИЗ ИСКУССТВЕННОЙ КОЖИ,https://zara-russia.ru/zhenshchiny-kurtki_zara/tproduct/656723651892-zara-bomber-iz-iskusstvennoi-kozhi,8 700
ZARA РУБАШКА ИЗ ВЫСТИРАННОГО ПОПЛИНА,https://zara-russia.ru/zhenshchiny_rubashki_bluzki_zara/tproduct/732260965582-zara-rubashka-iz-vistirannogo-poplina,4 900
ZARA ДЖИНСЫ TRF С НИЗКОЙ ПОСАДКОЙ,https://zara-russia.ru/zhenshchiny_dzhinsy_zara/tproduct/436825428992-zara-dzhinsi-trf-s-nizkoi-posadkoi,6 800
ZARA ЦВЕТНЫЕ ДЖИНСОВЫЕ ШОРТЫ TRF СО СРЕДНЕЙ ПОСАДКОЙ,https://zara-russia.ru/zhenshchiny_yubki_zara/tproduct/273219205132-zara-tsvetnie-dzhinsovie-shorti-trf-so-s,4 900
ZARA СТРУЯЩИЕСЯ БРЮКИ СО СБОРКАМИ,https://zara-russia.ru/zhenshchiny_bryuki_zara/tproduct/379499092442-zara-struyaschiesya-bryuki-so-sborkami,8 700
ZARA МНОГОФУНКЦИОНАЛЬНАЯ СУМКА С ЗАКЛЕПКАМИ,https://zara-russia.ru/zhenskie_sumki_zara/tproduct/594390274712-zara-mnogofunktsionalnaya-sumka-s-zaklep,5 400
ZARA РУБАШКА ОВЕРСАЙЗ ИЗ СТИРАНОГО ПОПЛИНА,https://zara-russia.ru/zhenshchiny_rubashki_bluzki_zara/tproduct/817341650682-zara-rubashka-oversaiz-iz-stiranogo-popl,5 400
ZARA КУРТКА 100% ИЗНОШЕННАЯ КОЖА,https://zara-russia.ru/zhenshchiny-kurtki_zara/tproduct/308587806052-zara-kurtka-100-iznoshennaya-kozha,32 400
ZARA ТРУСЫ ТАНГА ИЗ СМЕСОВОГО ПОЛИАМИДА С ПЕРЕКРЕСТНЫМ ПОЯСОМ,https://zara-russia.ru/zhenskie_nizhnee_belie_zara/tproduct/609995498542-zara-trusi-tanga-iz-smesovogo-poliamida,4 100
ZARA БОДИ ИЗ ПОЛИАМИДА НА МОЛНИИ,https://zara-russia.ru/zhenskie_nizhnee_belie_zara/tproduct/670812867922-zara-bodi-iz-poliamida-na-molnii,6 800
ZARA ШОРТЫ ИЗ СМЕСИ ПОЛИАМИДА НА МОЛНИИ,https://zara-russia.ru/zhenskie_nizhnee_belie_zara/tproduct/801728763112-zara-shorti-iz-smesi-poliamida-na-molnii,3 600
ZARA КОРОТКОЕ ПЛАТЬЕ ИЗ ПОЛИАМИДА НА МОЛНИИ,https://zara-russia.ru/zhenskie_nizhnee_belie_zara/tproduct/408588184372-zara-korotkoe-plate-iz-poliamida-na-moln,6 800
ZARA ЛЕГИНСЫ С ПОЛИАМИДОМ,https://zara-russia.ru/zhenshchiny_bryuki_zara/tproduct/814600470332-zara-leginsi-s-poliamidom,6 800
ZARA БЮСТГАЛЬТЕР ИЗ СМЕСОВОГО ПОЛИАМИДА С АППЛИКАЦИЕЙ,https://zara-russia.ru/zhenskie_nizhnee_belie_zara/tproduct/764973157692-zara-byustgalter-iz-smesovogo-poliamida,4 900
ZARA КОМБИНЕЗОН НА БРЕТЕЛЯХ С ПОЛИАМИДОМ И МОЛНИЕЙ,https://zara-russia.ru/zhenskie_nizhnee_belie_zara/tproduct/730750227572-zara-kombinezon-na-bretelyah-s-poliamido,7 900
ZARA РЕМЕНЬ ИЗ 100% КОЖИ С ПРЯЖКОЙ-ГВОЗДИКОМ,https://zara-russia.ru/zhenshchiny-aksessuari_zara/tproduct/725919446182-zara-remen-iz-100-kozhi-s-pryazhkoi-gvoz,6 800
ZARA ДЛИННОЕ ДВОЙНОЕ ЦЕПНОЕ ОЖЕРЕЛЬЕ,https://zara-russia.ru/zhenshchiny-aksessuari_zara/tproduct/730697257032-zara-dlinnoe-dvoinoe-tsepnoe-ozherele,4 900
ZARA ПЛАТЬЕ-РУБАШКА В КЛЕТКУ ВИШИ — ZW COLLECTION,https://zara-russia.ru/zhenshchiny_platya_zara/tproduct/588830254932-zara-plate-rubashka-v-kletku-vishi-zw-co,10 800
ZARA РУБАШКА С ВЫШИВКОЙ — ZW COLLECTION,https://zara-russia.ru/zhenshchiny_rubashki_bluzki_zara/tproduct/936375467952-zara-rubashka-s-vishivkoi-zw-collection,7 900
ZARA РУБАШКА С ВЫШИВКОЙ — ZW COLLECTION,https://zara-russia.ru/zhenshchiny_rubashki_bluzki_zara/tproduct/672185381332-zara-rubashka-s-vishivkoi-zw-collection,8 700
ZARA СВИТЕР ИЗ 100% ОЧЕНЬ МЯГКОЙ ШЕРСТИ,https://zara-russia.ru/zhenshchiny_cardigans_sweaters_zara/tproduct/840957672102-zara-sviter-iz-100-ochen-myagkoi-shersti,8 700
ZARA БРЮКИ BARREL — ZW COLLECTION,https://zara-russia.ru/zhenshchiny_bryuki_zara/tproduct/664196659832-zara-bryuki-barrel-zw-collection,8 700
ZARA ШИРОКИЕ БРЮКИ С ЗАЩИПАМИ — ZW COLLECTION,https://zara-russia.ru/zhenshchiny_bryuki_zara/tproduct/118352965252-zara-shirokie-bryuki-s-zaschipami-zw-col,10 300
ZARA АСИММЕТРИЧНАЯ РУБАШКА ИЗ ПОПЛИНА — ZW COLLECTION,https://zara-russia.ru/zhenshchiny_rubashki_bluzki_zara/tproduct/576332090692-zara-asimmetrichnaya-rubashka-iz-poplina,6 800
ZARA БРЮКИ В ПОЛОСКУ С ПУГОВИЦАМИ — ZW COLLECTION,https://zara-russia.ru/zhenshchiny_bryuki_zara/tproduct/535825849572-zara-bryuki-v-polosku-s-pugovitsami-zw-c,10 300
ZARA СВОБОДНЫЕ БРЮКИ В КЛЕТКУ — ZW COLLECTION,https://zara-russia.ru/zhenshchiny_bryuki_zara/tproduct/396202849802-zara-svobodnie-bryuki-v-kletku-zw-collec,10 800
ZARA НАКИДКА ИЗ ШЕРСТИ ZW COLLECTION LIMITED EDITION,https://zara-russia.ru/zhenshchiny-kurtki_zara/tproduct/515796327182-zara-nakidka-iz-shersti-zw-collection-li,29 700
ZARA СВИТЕР С КРУГЛЫМ ВЫРЕЗОМ,https://zara-russia.ru/zhenshchiny_cardigans_sweaters_zara/tproduct/675763612562-zara-sviter-s-kruglim-virezom,6 800
ZARA РЕМЕНЬ ИЗ 100% КОЖИ С КВАДРАТНОЙ ПРЯЖКОЙ,https://zara-russia.ru/zhenshchiny-aksessuari_zara/tproduct/230320542552-zara-remen-iz-100-kozhi-s-kvadratnoi-pry,5 400
ZARA НАБОР СЕРЕГ СО СТРАЗАМИ И ШАРИКАМИ,https://zara-russia.ru/zhenshchiny-aksessuari_zara/tproduct/523578777112-zara-nabor-sereg-so-strazami-i-sharikami,2 700
ZARA КУРТКА ИЗ 100% КОЖИ — ZW COLLECTION LIMITED EDITION,https://zara-russia.ru/zhenshchiny-kurtki_zara/tproduct/745890320362-zara-kurtka-iz-100-kozhi-zw-collection-l,43 200
ZARA КОЛЛЕКЦИЯ ZW: ТОП ИЗ 100% КОЖИ С КРУЖЕВОМ — LIMITED EDITION,https://zara-russia.ru/zhenshchiny_topy_body_zara/tproduct/660446820692-zara-kollektsiya-zw-top-iz-100-kozhi-s-k,21 600
ZARA ЮБКА ИЗ 100% КОЖИ С КРУЖЕВОМ — ZW COLLECTION LIMITED EDITION,https://zara-russia.ru/zhenshchiny_yubki_zara/tproduct/568642683512-zara-yubka-iz-100-kozhi-s-kruzhevom-zw-c,32 400
ZARA БОМБЕР ИЗ 100% КОЖИ — ZW COLLECTION LIMITED EDITION,https://zara-russia.ru/zhenshchiny-kurtki_zara/tproduct/417275909082-zara-bomber-iz-100-kozhi-zw-collection-l,51 300
ZARA СОЛНЦЕЗАЩИТНЫЕ ОЧКИ ОВАЛЬНЫЕ ИЗ ПЛАСТИКА,https://zara-russia.ru/zhenshchiny-aksessuari_zara/tproduct/588643137582-zara-solntsezaschitnie-ochki-ovalnie-iz,8 700
ZARA УЛЬТРАТОНКИЙ ТОП ИЗ ШЕРСТИ И ШЕЛКА,https://zara-russia.ru/zhenshchiny_topy_body_zara/tproduct/999277279322-zara-ultratonkii-top-iz-shersti-i-shelka,6 800
ZARA СВИТЕР ИЗ ТОНКОЙ СМЕСОВОЙ ШЕРСТИ,https://zara-russia.ru/zhenshchiny_cardigans_sweaters_zara/tproduct/480042815212-zara-sviter-iz-tonkoi-smesovoi-shersti,4 900
ZARA СВЕРХТОНКИЙ ТОП ИЗ ШЕРСТИ,https://zara-russia.ru/zhenshchiny_topy_body_zara/tproduct/424084378672-zara-sverhtonkii-top-iz-shersti,4 100
ZARA ДВОЙНОЙ ТРИКОТАЖНЫЙ ТОП,https://zara-russia.ru/zhenshchiny_topy_body_zara/tproduct/766144747262-zara-dvoinoi-trikotazhnii-top,4 900
ZARA СВИТЕР ИЗ ТОНКОЙ СМЕСОВОЙ ШЕРСТИ,https://zara-russia.ru/zhenshchiny_cardigans_sweaters_zara/tproduct/967545058152-zara-sviter-iz-tonkoi-smesovoi-shersti,4 900
ZARA ТОНКИЙ СВИТЕР,https://zara-russia.ru/zhenshchiny_cardigans_sweaters_zara/tproduct/834451229262-zara-tonkii-sviter,4 400
ZARA ТОНКИЙ СВИТЕР ИЗ СМЕСОВОЙ ШЕРСТИ,https://zara-russia.ru/zhenshchiny_cardigans_sweaters_zara/tproduct/686597926882-zara-tonkii-sviter-iz-smesovoi-shersti,4 400
ZARA ТОНКИЙ ДЖЕМПЕР В ПОЛОСКУ,https://zara-russia.ru/zhenshchiny_cardigans_sweaters_zara/tproduct/450166445602-zara-tonkii-dzhemper-v-polosku,4 900
ZARA ДЖЕМПЕР В РУБЧИК,https://zara-russia.ru/zhenshchiny_cardigans_sweaters_zara/tproduct/952709955592-zara-dzhemper-v-rubchik,4 900
ZARA ПОЛУПРОЗРАЧНЫЙ ТРИКОТАЖНЫЙ ТОП,https://zara-russia.ru/zhenshchiny_topy_body_zara/tproduct/218418094402-zara-poluprozrachnii-trikotazhnii-top,4 400
ZARA ФУТБОЛКА ОВЕРСАЙЗ В ПОЛОСКУ,https://zara-russia.ru/zhenshchiny_futbolki_zara/tproduct/122359115812-zara-futbolka-oversaiz-v-polosku,4 100
ZARA ОБЛЕГАЮЩЕЕ БОДИ С V-ОБРАЗНЫМ ВЫРЕЗОМ,https://zara-russia.ru/zhenshchiny_topy_body_zara/tproduct/475031338342-zara-oblegayuschee-bodi-s-v-obraznim-vir,4 100
ZARA ПЛАТЬЕ ИЗ ИСКУССТВЕННОЙ ЗАМШИ,https://zara-russia.ru/zhenshchiny_platya_zara/tproduct/523433655112-zara-plate-iz-iskusstvennoi-zamshi,8 700
ZARA БРЮКИ ИЗ ИСКУССТВЕННОЙ ЗАМШИ,https://zara-russia.ru/zhenshchiny_kostyumi_zara/tproduct/328214198082-zara-bryuki-iz-iskusstvennoi-zamshi,6 800
ZARA ФУТБОЛКА В ПОЛОСКУ С ДЛИННЫМИ РУКАВАМИ,https://zara-russia.ru/zhenshchiny_futbolki_zara/tproduct/680674613792-zara-futbolka-v-polosku-s-dlinnimi-rukav,3 600
ZARA КУРТКА ИЗ ИСКУССТВЕННОЙ ЗАМШИ С ПОГОНАМИ,https://zara-russia.ru/zhenshchiny-kurtki_zara/tproduct/306637656282-zara-kurtka-iz-iskusstvennoi-zamshi-s-po,10 800
ZARA ТОП АСИММЕТРИЧНОГО КРОЯ ИЗ ИСКУССТВЕННОЙ ЗАМШИ,https://zara-russia.ru/zhenshchiny_kostyumi_zara/tproduct/694839493402-zara-top-asimmetrichnogo-kroya-iz-iskuss,5 400
ZARA ЮБКА-КЛЁШ ИЗ ИСКУССТВЕННОЙ ЗАМШИ,https://zara-russia.ru/zhenshchiny_yubki_zara/tproduct/909698329822-zara-yubka-klyosh-iz-iskusstvennoi-zamsh,6 800
ZARA УКОРОЧЕННАЯ КУРТКА ИЗ ИСКУССТВЕННОЙ ЗАМШИ,https://zara-russia.ru/zhenshchiny-kurtki_zara/tproduct/182548710692-zara-ukorochennaya-kurtka-iz-iskusstvenn,7 900
ZARA МИНИ-ЮБКА ИЗ ИСКУССТВЕННОЙ ЗАМШИ С ПРЯЖКОЙ,https://zara-russia.ru/zhenshchiny_yubki_zara/tproduct/136460977582-zara-mini-yubka-iz-iskusstvennoi-zamshi,5 400
ZARA КУРТКА-РУБАШКА ИЗ ИСКУССТВЕННОЙ ЗАМШИ,https://zara-russia.ru/zhenshchiny-kurtki_zara/tproduct/845369687482-zara-kurtka-rubashka-iz-iskusstvennoi-za,7 900
ZARA КУРТКА-ШАР С ЗАСТЕЖКОЙ-МОЛНИЕЙ,https://zara-russia.ru/zhenshchiny-kurtki_zara/tproduct/903605458622-zara-kurtka-shar-s-zastezhkoi-molniei,6 800
ZARA КОЖАНАЯ СУМКА-МЕШОК АСИММЕТРИЧНОГО КРОЯ,https://zara-russia.ru/zhenskie_sumki_zara/tproduct/354778329942-zara-kozhanaya-sumka-meshok-asimmetrichn,21 600
ZARA РУБАШКА С КОМБИНИРОВАННОЙ ТОЛСТОВКОЙ С КАПЮШОНОМ,https://zara-russia.ru/zhenshchiny_tolstovki_zara/tproduct/998566526032-zara-rubashka-s-kombinirovannoi-tolstovk,6 800
ZARA ДЖИНСЫ Z1975 LOOSE СО СРЕДНЕЙ ПОСАДКОЙ С ЭФФЕКТОМ КРАСКИ,https://zara-russia.ru/zhenshchiny_dzhinsy_zara/tproduct/461563402962-zara-dzhinsi-z1975-loose-so-srednei-posa,7 900
ZARA РУБАШКА С КРУЖЕВОМ И СБОРКАМИ,https://zara-russia.ru/zhenshchiny_rubashki_bluzki_zara/tproduct/190939581362-zara-rubashka-s-kruzhevom-i-sborkami,6 800
ZARA ПРИТАЛЕННЫЙ БЛЕЙЗЕР С ВЫРАЖЕННЫМИ ПЛЕЧАМИ,https://zara-russia.ru/zhenshchiny_blejzery_zara/tproduct/184157267142-zara-pritalennii-bleizer-s-virazhennimi,10 800
ZARA СЕРЬГИ-КОЛЬЦА С ИСКУССТВЕННЫМ ЖЕМЧУГОМ,https://zara-russia.ru/zhenshchiny-aksessuari_zara/tproduct/214070990972-zara-sergi-koltsa-s-iskusstvennim-zhemch,2 700
ZARA КОМБИНИРОВАННАЯ СУМКА-МЕШОК,https://zara-russia.ru/zhenskie_sumki_zara/tproduct/951931554292-zara-kombinirovannaya-sumka-meshok,6 500
ZARA КАРДИГАН С ОБЪЕМНЫМИ РУКАВАМИ,https://zara-russia.ru/zhenshchiny_cardigans_sweaters_zara/tproduct/727252204242-zara-kardigan-s-obemnimi-rukavami,6 300
ZARA ТРИКОТАЖНЫЙ ЖИЛЕТ С ПОЯСОМ,https://zara-russia.ru/zhenshchiny_kostyumi_zara/tproduct/271582120252-zara-trikotazhnii-zhilet-s-poyasom,6 800
ZARA ДЛИННЫЙ СВИТЕР С КОМБИНИРОВАННЫМ КРУЖЕВОМ,https://zara-russia.ru/zhenshchiny_cardigans_sweaters_zara/tproduct/655058300432-zara-dlinnii-sviter-s-kombinirovannim-kr,4 900
ZARA ДЖИНСЫ Z.10 КЮЛОТЫ С ВЫСОКОЙ ПОСАДКОЙ И РЕМНЕМ,https://zara-russia.ru/zhenshchiny_dzhinsy_zara/tproduct/796968908212-zara-dzhinsi-z10-kyuloti-s-visokoi-posad,7 900
ZARA БАРХАТНЫЕ САНДАЛИИ НА ПЛОСКОЙ ПОДОШВЕ,https://zara-russia.ru/zhenshchiny_obuv_zara/tproduct/812785929522-zara-barhatnie-sandalii-na-ploskoi-podos,6 500
ZARA МИНИ-ПЛАТЬЕ ИЗ ИСКУССТВЕННОЙ ЗАМШИ С РЕМНЕМ,https://zara-russia.ru/zhenshchiny_platya_zara/tproduct/134215189012-zara-mini-plate-iz-iskusstvennoi-zamshi,7 900
ZARA ДЖИНСЫ Z1975 STRAIGHT FIT С ВЫСОКОЙ ПОСАДКОЙ,https://zara-russia.ru/zhenshchiny_dzhinsy_zara/tproduct/449225636112-zara-dzhinsi-z1975-straight-fit-s-visoko,6 800
ZARA ДЖИНСЫ Z1975 STRAIGHT С НИЗКОЙ ПОСАДКОЙ FULL LENGTH,https://zara-russia.ru/zhenshchiny_dzhinsy_zara/tproduct/731286436852-zara-dzhinsi-z1975-straight-s-nizkoi-pos,6 800
ZARA ДЖИНСЫ Z1975 WIDE LEG СО СРЕДНЕЙ ПОСАДКОЙ И ШВАМИ,https://zara-russia.ru/zhenshchiny_dzhinsy_zara/tproduct/389067721942-zara-dzhinsi-z1975-wide-leg-so-srednei-p,7 900
ZARA МИНИ-ЮБКА С ВОЛАНАМИ И ПАЙЕТКАМИ,https://zara-russia.ru/zhenshchiny_yubki_zara/tproduct/209876243022-zara-mini-yubka-s-volanami-i-paietkami,5 400
ZARA БЛУЗА В ГОРОШЕК С ВОЛАНАМИ,https://zara-russia.ru/zhenshchiny_rubashki_bluzki_zara/tproduct/155388255942-zara-bluza-v-goroshek-s-volanami,4 900
ZARA ДЖЕРСИ С ПОГОНАМИ,https://zara-russia.ru/zhenshchiny_cardigans_sweaters_zara/tproduct/267853287682-zara-dzhersi-s-pogonami,5 400
ZARA БАНДАНА С ЦВЕТОЧНЫМ ПРИНТОМ,https://zara-russia.ru/zhenshchiny-aksessuari_zara/tproduct/200201899562-zara-bandana-s-tsvetochnim-printom,3 600
ZARA ЮБКА МИДИ С ПРИНТОМ И ПОЯСОМ,https://zara-russia.ru/zara_404/tproduct/502104390382-zara-yubka-midi-s-printom-i-poyasom,8 700
ZARA БАРХАТИСТЫЕ САНДАЛИИ С РЕМЕШКАМИ,https://zara-russia.ru/zhenshchiny_obuv_zara/tproduct/440630864622-zara-barhatistie-sandalii-s-remeshkami,6 500
ZARA КОРОТКОЕ ПЛАТЬЕ ИЗ ИСКУССТВЕННОЙ ЗАМШИ,https://zara-russia.ru/zhenshchiny_platya_zara/tproduct/385048609292-zara-korotkoe-plate-iz-iskusstvennoi-zam,8 700
ZARA КУРТКА ИЗ ИСКУССТВЕННОЙ ЗАМШИ,https://zara-russia.ru/zhenshchiny-kurtki_zara/tproduct/748363664892-zara-kurtka-iz-iskusstvennoi-zamshi,8 700
ZARA ДЖИНСЫ Z1975 WIDE LEG СО СРЕДНЕЙ ПОСАДКОЙ,https://zara-russia.ru/zhenshchiny_kostyumi_zara/tproduct/554450746232-zara-dzhinsi-z1975-wide-leg-so-srednei-p,6 800
ZARA ДЖИНСЫ Z1975 STRAIGHT С НИЗКОЙ ПОСАДКОЙ И РАЗРЕЗАМИ,https://zara-russia.ru/zhenshchiny_dzhinsy_zara/tproduct/219645797362-zara-dzhinsi-z1975-straight-s-nizkoi-pos,6 800
ZARA ЮБКА МИДИ С ВОЛАНАМИ,https://zara-russia.ru/zhenshchiny_yubki_zara/tproduct/695179865762-zara-yubka-midi-s-volanami,7 900
ZARA ДЖИНСЫ Z1975 WIDE-LEG С НИЗКОЙ ПОСАДКОЙ,https://zara-russia.ru/zhenshchiny_dzhinsy_zara/tproduct/341968554272-zara-dzhinsi-z1975-wide-leg-s-nizkoi-pos,6 800
ZARA ТОП С БРЮКАМИ-СОТАМИ И ОБЪЕМНЫМИ РУКАВАМИ,https://zara-russia.ru/zhenshchiny_topy_body_zara/tproduct/270902697212-zara-top-s-bryukami-sotami-i-obemnimi-ru,6 300
ZARA ДЖИНСОВЫЙ БОМБЕР Z1975,https://zara-russia.ru/zhenshchiny_kostyumi_zara/tproduct/926075933662-zara-dzhinsovii-bomber-z1975,8 700
ZARA БРЮКИ С ЗАЩИПАМИ И РЕМНЕМ,https://zara-russia.ru/zhenshchiny_bryuki_zara/tproduct/221923192322-zara-bryuki-s-zaschipami-i-remnem,7 900
ZARA БЛУЗА В РОМАНТИЧЕСКОМ СТИЛЕ С РУКАВАМИ-БУФАМИ,https://zara-russia.ru/zhenshchiny_rubashki_bluzki_zara/tproduct/567543312892-zara-bluza-v-romanticheskom-stile-s-ruka,6 300
ZARA АТЛАСНАЯ БЛУЗА С ВОЛАНАМИ И ПОДПЛЕЧНИКАМИ,https://zara-russia.ru/zhenshchiny_rubashki_bluzki_zara/tproduct/898737660702-zara-atlasnaya-bluza-s-volanami-i-podple,5 400
ZARA КУРТКА ИЗ ИСКУССТВЕННОЙ ЗАМШИ С РЕМНЕМ,https://zara-russia.ru/zhenshchiny-kurtki_zara/tproduct/516059529912-zara-kurtka-iz-iskusstvennoi-zamshi-s-re,8 700
ZARA БЛУЗА С ПРИНТОМ И БАНТОМ,https://zara-russia.ru/zhenshchiny_rubashki_bluzki_zara/tproduct/135257982722-zara-bluza-s-printom-i-bantom,5 400
ZARA МЯГКИЕ ТУФЛИ-ДЕРБИ,https://zara-russia.ru/zhenshchiny_obuv_zara/tproduct/130646274572-zara-myagkie-tufli-derbi,6 500
ZARA ФУТБОЛКА С ЭФФЕКТОМ ПОТЕРТОСТИ И ПРИНТОМ СПЕРЕДИ,https://zara-russia.ru/zhenshchiny_futbolki_zara/tproduct/393145707062-zara-futbolka-s-effektom-potertosti-i-pr,4 400
ZARA ФУТБОЛКА С КОРОТКИМИ РУКАВАМИ И ЦВЕТОЧНЫМ ПРИНТОМ,https://zara-russia.ru/zhenshchiny_futbolki_zara/tproduct/880245551952-zara-futbolka-s-korotkimi-rukavami-i-tsv,3 600
ZARA ПРИТАЛЕННАЯ ФУТБОЛКА С КОРОТКИМИ РУКАВАМИ,https://zara-russia.ru/zhenshchiny_futbolki_zara/tproduct/597595192332-zara-pritalennaya-futbolka-s-korotkimi-r,1 900
ZARA СВИТЕР В РУБЧИК ИЗ СМЕСОВОЙ ШЕРСТИ,https://zara-russia.ru/zhenshchiny_cardigans_sweaters_zara/tproduct/223954662452-zara-sviter-v-rubchik-iz-smesovoi-sherst,5 400
ZARA ОДНОТОННАЯ ТОЛСТОВКА,https://zara-russia.ru/zhenshchiny_tolstovki_zara/tproduct/402891165562-zara-odnotonnaya-tolstovka,5 400
ZARA БРЮКИ BALLOON ИЗ ТРИКОТАЖА ИНТЕРЛОК,https://zara-russia.ru/zhenshchiny_tolstovki_zara/tproduct/713100072342-zara-bryuki-balloon-iz-trikotazha-interl,4 400
ZARA ТОЛСТОВКА ПОЛО ИЗ ИНТЕРЛОКА,https://zara-russia.ru/zhenshchiny_tolstovki_zara/tproduct/439884671192-zara-tolstovka-polo-iz-interloka,4 900
ZARA ЗАМШЕВЫЕ ТУФЛИ С ОСТРЫМ НОСОМ,https://zara-russia.ru/zhenshchiny_obuv_zara/tproduct/993717979012-zara-zamshevie-tufli-s-ostrim-nosom,7 900
ZARA ТОП В КЛЕТКУ ВИШИ С ЭФФЕКТОМ ЖАТКИ,https://zara-russia.ru/zhenshchiny_topy_body_zara/tproduct/321607932832-zara-top-v-kletku-vishi-s-effektom-zhatk,5 400
"ZARA ДЖИНСЫ Z1975 С ВЫСОКОЙ ПОСАДКОЙ, ЗАУЖЕННЫЕ КНИЗУ, С РЕМНЕМ",https://zara-russia.ru/zhenshchiny_dzhinsy_zara/tproduct/210807439882-zara-dzhinsi-z1975-s-visokoi-posadkoi-za,7 900
ZARA ДЖИНСЫ Z1975 BARREL С ВЫСОКОЙ ПОСАДКОЙ,https://zara-russia.ru/zhenshchiny_dzhinsy_zara/tproduct/405040092932-zara-dzhinsi-z1975-barrel-s-visokoi-posa,6 800
ZARA ТРИКОТАЖНОЕ ПЛАТЬЕ С РУКАВАМИ «ЛЕТУЧАЯ МЫШЬ»,https://zara-russia.ru/zhenshchiny_platya_zara/tproduct/241930405202-zara-trikotazhnoe-plate-s-rukavami-letuc,7 900
ZARA КОЖАНАЯ МИНИ-СУМКА-ШОПЕР,https://zara-russia.ru/zhenskie_sumki_zara/tproduct/696089286672-zara-kozhanaya-mini-sumka-shoper,7 900
ZARA КОРОТКОЕ ПЛАТЬЕ В РУБЧИК С ОБЪЕМНЫМИ РУКАВАМИ,https://zara-russia.ru/zhenshchiny_platya_zara/tproduct/367469117832-zara-korotkoe-plate-v-rubchik-s-obemnimi,6 800
ZARA ТОП В РУБЧИК С ОБЪЕМНЫМИ РУКАВАМИ,https://zara-russia.ru/zhenshchiny_topy_body_zara/tproduct/588102941402-zara-top-v-rubchik-s-obemnimi-rukavami,5 400
ZARA БЛУЗА В РОМАНТИЧЕСКОМ СТИЛЕ С АЖУРНОЙ ВЫШИВКОЙ,https://zara-russia.ru/zhenshchiny_rubashki_bluzki_zara/tproduct/280597657592-zara-bluza-v-romanticheskom-stile-s-azhu,6 300
ZARA КУРТКА ОВЕРСАЙЗ В БАЙКЕРСКОМ СТИЛЕ ИЗ ИСКУССТВЕННОЙ ЗАМШИ,https://zara-russia.ru/zhenshchiny-kurtki_zara/tproduct/213886140082-zara-kurtka-oversaiz-v-baikerskom-stile,10 800
ZARA КАРДИГАН С КОНТРАСТНЫМИ ПУГОВИЦАМИ,https://zara-russia.ru/zhenshchiny_cardigans_sweaters_zara/tproduct/135755077212-zara-kardigan-s-kontrastnimi-pugovitsami,7 900
ZARA РУБАШКА В ПОЛОСКУ С ВОЛАНАМИ,https://zara-russia.ru/zhenshchiny_rubashki_bluzki_zara/tproduct/270060906352-zara-rubashka-v-polosku-s-volanami,6 300
ZARA СУМКА С БАХРОМОЙ,https://zara-russia.ru/zhenskie_sumki_zara/tproduct/337955418982-zara-sumka-s-bahromoi,6 300
ZARA ТОП ИЗ ПОПЛИНА С ОБЪЕМНЫМИ РУКАВАМИ,https://zara-russia.ru/zhenshchiny_topy_body_zara/tproduct/737825525702-zara-top-iz-poplina-s-obemnimi-rukavami,4 900
ZARA ШИРОКИЕ БРЮКИ В ТОНКУЮ ПОЛОСКУ С ЗАЩИПАМИ,https://zara-russia.ru/zhenshchiny_bryuki_zara/tproduct/927284767712-zara-shirokie-bryuki-v-tonkuyu-polosku-s,6 800
ZARA ШИРОКИЕ БРЮКИ С ЗАЩИПАМИ,https://zara-russia.ru/zhenshchiny_bryuki_zara/tproduct/437030905052-zara-shirokie-bryuki-s-zaschipami,6 800
ZARA ДРАПИРОВАННАЯ БЛУЗА С БАНТОМ,https://zara-russia.ru/zhenshchiny_rubashki_bluzki_zara/tproduct/197340414912-zara-drapirovannaya-bluza-s-bantom,6 300
ZARA ДЖЕМПЕР СТРУКТУРНОЙ ВЯЗКИ,https://zara-russia.ru/zhenshchiny_cardigans_sweaters_zara/tproduct/163364020212-zara-dzhemper-strukturnoi-vyazki,6 800
ZARA ЖИЛЕТ С БАСКОЙ И ЗАЩИПАМИ,https://zara-russia.ru/zhenshchiny_kostyumi_zara/tproduct/749479507832-zara-zhilet-s-baskoi-i-zaschipami,6 800
ZARA УКОРОЧЕННЫЕ БРЮКИ MINI FLARE,https://zara-russia.ru/zhenshchiny_kostyumi_zara/tproduct/311050868902-zara-ukorochennie-bryuki-mini-flare,6 800
ZARA АТЛАСНЫЙ ТОП С УЗЛОМ,https://zara-russia.ru/zhenshchiny_topy_body_zara/tproduct/971359100522-zara-atlasnii-top-s-uzlom,4 900
ZARA ТУФЛИ-МЮЛИ С АППЛИКАЦИЯМИ,https://zara-russia.ru/zhenshchiny_obuv_zara/tproduct/951187606972-zara-tufli-myuli-s-applikatsiyami,9 800
ZARA БРЮКИ ПРЯМОГО КРОЯ С ВЫСОКОЙ ПОСАДКОЙ,https://zara-russia.ru/zhenshchiny_kostyumi_zara/tproduct/955566705242-zara-bryuki-pryamogo-kroya-s-visokoi-pos,7 900
ZARA ТРИКОТАЖНАЯ ЮБКА МИДИ,https://zara-russia.ru/zhenshchiny_yubki_zara/tproduct/203695148512-zara-trikotazhnaya-yubka-midi,5 400
ZARA СВИТЕР С ШИРОКИМИ РУКАВАМИ,https://zara-russia.ru/zhenshchiny_kostyumi_zara/tproduct/533380168372-zara-sviter-s-shirokimi-rukavami,6 300
ZARA БРЮКИ ПРЯМОГО КРОЯ С ВЫСОКОЙ ПОСАДКОЙ,https://zara-russia.ru/zhenshchiny_kostyumi_zara/tproduct/901155618472-zara-bryuki-pryamogo-kroya-s-visokoi-pos,6 800
ZARA ДВУБОРТНЫЙ БЛЕЙЗЕР С ПРЯЖКОЙ,https://zara-russia.ru/zhenshchiny_kostyumi_zara/tproduct/727452541062-zara-dvubortnii-bleizer-s-pryazhkoi,13 500
ZARA БЛЕЙЗЕР С ШАРФОМ И ЗАВЯЗКАМИ,https://zara-russia.ru/zhenshchiny_kostyumi_zara/tproduct/422633309612-zara-bleizer-s-sharfom-i-zavyazkami,10 800
ZARA БОДИ ИЗ КОМБИНИРОВАННОЙ ТКАНИ И ТЮЛЯ,https://zara-russia.ru/zhenshchiny_topy_body_zara/tproduct/979516676122-zara-bodi-iz-kombinirovannoi-tkani-i-tyu,3 600
ZARA БОДИ НА БРЕТЕЛЯХ,https://zara-russia.ru/zhenshchiny_topy_body_zara/tproduct/886873401742-zara-bodi-na-bretelyah,3 600
ZARA КОРСЕТ ИЗ ЭЛАСТИЧНОГО ТРИКОТАЖА,https://zara-russia.ru/zhenshchiny_topy_body_zara/tproduct/564097314602-zara-korset-iz-elastichnogo-trikotazha,4 400
ZARA БОСОНОЖКИ НА КАБЛУКЕ ИЗ ЗАМШИ,https://zara-russia.ru/zhenshchiny_obuv_zara/tproduct/184953644282-zara-bosonozhki-na-kabluke-iz-zamshi,6 300
ZARA БОДИ БАНДО ИЗ КОМБИНИРОВАННОГО ТЮЛЯ,https://zara-russia.ru/zhenshchiny_topy_body_zara/tproduct/160073329082-zara-bodi-bando-iz-kombinirovannogo-tyul,3 600
ZARA БОДИ ИЗ КОМБИНИРОВАННОГО ТЮЛЯ НА БРЕТЕЛЯХ,https://zara-russia.ru/zhenshchiny_topy_body_zara/tproduct/289379913082-zara-bodi-iz-kombinirovannogo-tyulya-na,3 600
ZARA АТЛАСНЫЕ БОСОНОЖКИ НА КАБЛУКЕ KITTEN,https://zara-russia.ru/zhenshchiny_obuv_zara/tproduct/890781989722-zara-atlasnie-bosonozhki-na-kabluke-kitt,5 400
ZARA КОРОТКОЕ ПЛАТЬЕ ИЗ ЭЛАСТИЧНОЙ ТКАНИ С КРУЖЕВОМ,https://zara-russia.ru/zhenshchiny_platya_zara/tproduct/274085755582-zara-korotkoe-plate-iz-elastichnoi-tkani,5 400
ZARA ЭЛАСТИЧНЫЙ ТОП С КРУЖЕВОМ,https://zara-russia.ru/zhenshchiny_topy_body_zara/tproduct/682074072412-zara-elastichnii-top-s-kruzhevom,4 100
ZARA ЭЛАСТИЧНЫЙ ТОП-КОРСЕТ,https://zara-russia.ru/zhenshchiny_topy_body_zara/tproduct/153678025632-zara-elastichnii-top-korset,4 100
ZARA ЭЛАСТИЧНЫЕ БРЮКИ MINI FLARE,https://zara-russia.ru/zhenshchiny_bryuki_zara/tproduct/992728474852-zara-elastichnie-bryuki-mini-flare,4 900
ZARA КРУЖЕВНОЙ КРОП-ТОП,https://zara-russia.ru/zhenshchiny_topy_body_zara/tproduct/360603423222-zara-kruzhevnoi-krop-top,2 700
ZARA КОМБИНИРОВАННОЕ КРУЖЕВНОЕ БОДИ,https://zara-russia.ru/zhenshchiny_topy_body_zara/tproduct/521816601232-zara-kombinirovannoe-kruzhevnoe-bodi,4 400
ZARA ДЖИНСЫ TRF СО СРЕДНЕЙ ПОСАДКОЙ И ОТЛОЖНЫМ ПОЯСОМ,https://zara-russia.ru/zhenshchiny_dzhinsy_zara/tproduct/965638807402-zara-dzhinsi-trf-so-srednei-posadkoi-i-o,7 900
ZARA ДЖИНСЫ TRF ПРЯМОГО КРОЯ СО СРЕДНЕЙ ПОСАДКОЙ И ДВОЙНЫМ ПОЯСОМ,https://zara-russia.ru/zhenshchiny_dzhinsy_zara/tproduct/233159162932-zara-dzhinsi-trf-pryamogo-kroya-so-sredn,7 900
ZARA КРУЖЕВНЫЕ ТРУСЫ-ТАНГА С ВОЛАНАМИ,https://zara-russia.ru/zhenskie_nizhnee_belie_zara/tproduct/641456668602-zara-kruzhevnie-trusi-tanga-s-volanami,3 600
ZARA ШОРТЫ ИЗ ПОЛИАМИДА С КРУЖЕВОМ,https://zara-russia.ru/zhenskie_nizhnee_belie_zara/tproduct/350130647362-zara-shorti-iz-poliamida-s-kruzhevom,5 400
ZARA КОРОТКОЕ ПЛАТЬЕ ИЗ СМЕСИ ПОЛИАМИДА С КРУЖЕВОМ,https://zara-russia.ru/zhenskie_nizhnee_belie_zara/tproduct/632570991652-zara-korotkoe-plate-iz-smesi-poliamida-s,7 900
ZARA БРАЛЕТТ С ПОЛИАМИДНЫМ КРУЖЕВОМ,https://zara-russia.ru/zhenskie_nizhnee_belie_zara/tproduct/588960264992-zara-bralett-s-poliamidnim-kruzhevom,4 100
ZARA ПАРЕО-ПЛАТОК ИЗ 100% ВИСКОЗЫ С КРУЖЕВОМ И ПРИНТОМ,https://zara-russia.ru/zhenskie_nizhnee_belie_zara/tproduct/114974290452-zara-pareo-platok-iz-100-viskozi-s-kruzh,6 800
ZARA ПЛАТЬЕ ИЗ 100% ВИСКОЗЫ АСИММЕТРИЧНОГО КРОЯ С ПРИНТОМ,https://zara-russia.ru/zhenskie_nizhnee_belie_zara/tproduct/981488157432-zara-plate-iz-100-viskozi-asimmetrichnog,10 800
ZARA КРУЖЕВНОЙ БРАЛЕТТ БАНДО,https://zara-russia.ru/zhenskie_nizhnee_belie_zara/tproduct/814845757012-zara-kruzhevnoi-bralett-bando,4 100
ZARA ПАЛАНТИН-ПАРЕО ИЗ ВИСКОЗЫ 100% С ПРИНТОМ,https://zara-russia.ru/zhenshchiny-aksessuari_zara/tproduct/583836694952-zara-palantin-pareo-iz-viskozi-100-s-pri,8 700
ZARA ПЛАТОК С ВОСТОЧНЫМ ПРИНТОМ,https://zara-russia.ru/zhenshchiny-aksessuari_zara/tproduct/346617939522-zara-platok-s-vostochnim-printom,4 400
ZARA ТОП С ПРИНТОМ ИЗ 100% ВИСКОЗЫ С КРУЖЕВОМ,https://zara-russia.ru/zhenskie_nizhnee_belie_zara/tproduct/279082573962-zara-top-s-printom-iz-100-viskozi-s-kruz,8 700
ZARA ПЛАТЬЕ СО СКЛАДКАМИ И КРУЖЕВОМ,https://zara-russia.ru/zhenskie_nizhnee_belie_zara/tproduct/470156514062-zara-plate-so-skladkami-i-kruzhevom,20 600
ZARA ТОП ИЗ ТОНКОГО ТРИКОТАЖА С ВОРОТНИКОМ-СТОЙКОЙ,https://zara-russia.ru/zhenskie_nizhnee_belie_zara/tproduct/932059950462-zara-top-iz-tonkogo-trikotazha-s-vorotni,5 400
"ZARA ТОП С ПРИНТОМ ИЗ 100% ВИСКОЗЫ, АСИММЕТРИЧНЫЙ, С КРУЖЕВОМ",https://zara-russia.ru/zhenskie_nizhnee_belie_zara/tproduct/627500698082-zara-top-s-printom-iz-100-viskozi-asimme,8 700
ZARA ЮБКА ПАРЕО ИЗ ВИСКОЗЫ 100%,https://zara-russia.ru/zhenskie_nizhnee_belie_zara/tproduct/169343848262-zara-yubka-pareo-iz-viskozi-100,13 500
ZARA КОЖАНЫЕ БАЛЕТКИ С МЕТАЛЛИЧЕСКОЙ ДЕТАЛЬЮ,https://zara-russia.ru/zhenshchiny_obuv_zara/tproduct/339652644032-zara-kozhanie-baletki-s-metallicheskoi-d,8 700
ZARA ХЛОПКОВАЯ ФУТБОЛКА С КОРОТКИМИ РУКАВАМИ,https://zara-russia.ru/zhenshchiny_futbolki_zara/tproduct/460672836282-zara-hlopkovaya-futbolka-s-korotkimi-ruk,2 200
ZARA ФУТБОЛКА В ПОЛОСКУ ИЗ ХЛОПКА И ЛЬНА,https://zara-russia.ru/zhenshchiny_futbolki_zara/tproduct/218172772302-zara-futbolka-v-polosku-iz-hlopka-i-lna,4 400
ZARA КРОССОВКИ,https://zara-russia.ru/zhenshchiny_obuv_zara/tproduct/886297589472-zara-krossovki,6 000
ZARA КЕПКА ИЗ СТИРАНОГО САРЖИ,https://zara-russia.ru/zhenshchiny-aksessuari_zara/tproduct/381431232122-zara-kepka-iz-stiranogo-sarzhi,2 700
ZARA ОДНОТОННАЯ КЕПКА ИЗ САРЖИ,https://zara-russia.ru/zhenshchiny-aksessuari_zara/tproduct/393624107432-zara-odnotonnaya-kepka-iz-sarzhi,2 700
ZARA ФУТБОЛКА С ПРИНТОМ ©CASA BATLLÓ,https://zara-russia.ru/zhenshchiny_futbolki_zara/tproduct/303740951742-zara-futbolka-s-printom-casa-batll,4 400
ZARA ЗАМШЕВЫЕ БАЛЕТКИ,https://zara-russia.ru/zhenshchiny_obuv_zara/tproduct/470435395222-zara-zamshevie-baletki,8 700
ZARA ФУТБОЛКА В РУБЧИК,https://zara-russia.ru/zhenshchiny_futbolki_zara/tproduct/372858102222-zara-futbolka-v-rubchik,2 200
ZARA КУРТКА-КИМОНО ИЗ ИСКУССТВЕННОЙ ЗАМШИ,https://zara-russia.ru/zhenshchiny-kurtki_zara/tproduct/347459129552-zara-kurtka-kimono-iz-iskusstvennoi-zams,10 800
ZARA ПЛАТЬЕ МИДИ ИЗ ПИКЕ С ПОЯСОМ,https://zara-russia.ru/zhenshchiny_platya_zara/tproduct/897121973242-zara-plate-midi-iz-pike-s-poyasom,6 800
ZARA ЗАМШЕВЫЕ ТУФЛИ-МЮЛИ,https://zara-russia.ru/zhenshchiny_obuv_zara/tproduct/490709172382-zara-zamshevie-tufli-myuli,8 100
ZARA ТОП С ДРАПИРОВКОЙ И СБОРКАМИ,https://zara-russia.ru/zhenshchiny_topy_body_zara/tproduct/670085585602-zara-top-s-drapirovkoi-i-sborkami,3 600
ZARA БРЮКИ ПИКЕ С ПОЯСОМ,https://zara-russia.ru/zhenshchiny_kostyumi_zara/tproduct/279127150622-zara-bryuki-pike-s-poyasom,5 400
ZARA ТОП АСИММЕТРИЧНОГО КРОЯ ИЗ ТКАНИ ПИКЕ,https://zara-russia.ru/zhenshchiny_kostyumi_zara/tproduct/398157806112-zara-top-asimmetrichnogo-kroya-iz-tkani,4 400
ZARA ПЛИССИРОВАННАЯ ЮБКА В ПОЛОСКУ С ТЕКСТУРОЙ,https://zara-russia.ru/zhenshchiny_yubki_zara/tproduct/439913671612-zara-plissirovannaya-yubka-v-polosku-s-t,5 400
ZARA ТОП С ЛАЦКАНАМИ И МОЛНИЕЙ,https://zara-russia.ru/zhenshchiny_cardigans_sweaters_zara/tproduct/497478260722-zara-top-s-latskanami-i-molniei,6 300
ZARA СВИТЕР С РУКАВАМИ «ЛЕТУЧАЯ МЫШЬ»,https://zara-russia.ru/zhenshchiny_cardigans_sweaters_zara/tproduct/576262310702-zara-sviter-s-rukavami-letuchaya-mish,5 400
ZARA ТОП АСИММЕТРИЧНОГО КРОЯ,https://zara-russia.ru/zhenshchiny_topy_body_zara/tproduct/210230161282-zara-top-asimmetrichnogo-kroya,6 300
ZARA ДЛИННОЕ ПЛАТЬЕ В ПОЛОСКУ С ПЛИССИРОВКОЙ И ТЕКСТУРОЙ,https://zara-russia.ru/zhenshchiny_platya_zara/tproduct/975657191882-zara-dlinnoe-plate-v-polosku-s-plissirov,6 800
ZARA ТОП В ПОЛОСКУ ИЗ РЕЛЬЕФНОЙ ТКАНИ,https://zara-russia.ru/zhenshchiny_topy_body_zara/tproduct/770938505622-zara-top-v-polosku-iz-relefnoi-tkani,4 400
ZARA БОСОНОЖКИ НА КАБЛУКЕ С РЕМЕШКАМИ ИЗ КОЖИ,https://zara-russia.ru/zhenshchiny_obuv_zara/tproduct/305191145852-zara-bosonozhki-na-kabluke-s-remeshkami,7 600
ZARA КОЖАНАЯ СУМКА С КАРМАНАМИ,https://zara-russia.ru/zhenskie_sumki_zara/tproduct/428406627382-zara-kozhanaya-sumka-s-karmanami,14 400
ZARA РУБАШКА В ПОЛОСКУ ZW COLLECTION,https://zara-russia.ru/zhenshchiny_rubashki_bluzki_zara/tproduct/405526618642-zara-rubashka-v-polosku-zw-collection,6 800
ZARA ПЛАТЬЕ С КОМБИНИРОВАННОЙ СЪЕМНОЙ НАКИДКОЙ — ZW COLLECTION,https://zara-russia.ru/zhenshchiny_platya_zara/tproduct/116324402012-zara-plate-s-kombinirovannoi-semnoi-naki,13 500
ZARA РУБАШКА С КАРМАНОМ И ВЫШИВКОЙ — ZW COLLECTION,https://zara-russia.ru/zhenshchiny_rubashki_bluzki_zara/tproduct/651336016782-zara-rubashka-s-karmanom-i-vishivkoi-zw,6 800
ZARA РУБАШКА С ВЫШИВКОЙ ZW COLLECTION,https://zara-russia.ru/zhenshchiny_rubashki_bluzki_zara/tproduct/922101849312-zara-rubashka-s-vishivkoi-zw-collection,8 700
ZARA ГАБАРДИНА С ПОЯСОМ — ZW COLLECTION,https://zara-russia.ru/zhenshchini_palto_zara/tproduct/554350094422-zara-gabardina-s-poyasom-zw-collection,17 900
ZARA ДЖИНСЫ BOOTCUT СО СРЕДНЕЙ ПОСАДКОЙ — ZW COLLECTION,https://zara-russia.ru/zhenshchiny_dzhinsy_zara/tproduct/339591630792-zara-dzhinsi-bootcut-so-srednei-posadkoi,6 800
ZARA КАРДИГАН НА МОЛНИИ,https://zara-russia.ru/zhenshchiny-kurtki_zara/tproduct/622541388692-zara-kardigan-na-molnii,10 300
ZARA КУРТКА ИЗ 100% СВЕРХМЯГКОЙ ШЕРСТИ,https://zara-russia.ru/zhenshchiny_cardigans_sweaters_zara/tproduct/661388923872-zara-kurtka-iz-100-sverhmyagkoi-shersti,8 700
ZARA КЛЕТЧАТАЯ ЮБКА С ВОЛАНАМИ — ZW COLLECTION,https://zara-russia.ru/zhenshchiny_yubki_zara/tproduct/162435323732-zara-kletchataya-yubka-s-volanami-zw-col,8 700
ZARA БРЮКИ В КЛЕТКУ — ZW COLLECTION,https://zara-russia.ru/zhenshchiny_kostyumi_zara/tproduct/668373012822-zara-bryuki-v-kletku-zw-collection,15 200
ZARA ТОП В КЛЕТКУ — ZW COLLECTION,https://zara-russia.ru/zhenshchiny_kostyumi_zara/tproduct/617391650582-zara-top-v-kletku-zw-collection,10 300
ZARA ДЖИНСЫ FLARE В ПОЛОСКУ С ВЫСОКОЙ ПОСАДКОЙ — ZW COLLECTION,https://zara-russia.ru/zhenshchiny_dzhinsy_zara/tproduct/287456716362-zara-dzhinsi-flare-v-polosku-s-visokoi-p,8 700
ZARA КАРДИГАН ИЗ ШЕРСТИ С НАКЛАДНЫМИ КАРМАНАМИ,https://zara-russia.ru/zhenshchiny_cardigans_sweaters_zara/tproduct/457278035182-zara-kardigan-iz-shersti-s-nakladnimi-ka,5 400
ZARA ДЖИНСЫ ZW COLLECTION BARREL С ВЫСОКОЙ ПОСАДКОЙ,https://zara-russia.ru/zhenshchiny_dzhinsy_zara/tproduct/391883868112-zara-dzhinsi-zw-collection-barrel-s-viso,8 700
ZARA ВЯЗАНАЯ МИНИ-СУМКА-ШОПЕР,https://zara-russia.ru/zhenskie_sumki_zara/tproduct/398647014862-zara-vyazanaya-mini-sumka-shoper,6 300
ZARA ПАРКА С ХЛЯСТИКОМ ИЗ КОЛЛЕКЦИИ ZW,https://zara-russia.ru/zhenshchiny-kurtki_zara/tproduct/737450944342-zara-parka-s-hlyastikom-iz-kollektsii-zw,13 500
ZARA РЕМЕНЬ ИЗ 100% КОЖИ С ЭФФЕКТОМ ПОТЕРТОСТИ,https://zara-russia.ru/zhenshchiny-aksessuari_zara/tproduct/826997484452-zara-remen-iz-100-kozhi-s-effektom-poter,5 400
ZARA БЛЕЙЗЕР С ВОРОТНИКОМ-СТОЙКОЙ — ZW COLLECTION,https://zara-russia.ru/zhenshchiny_blejzery_zara/tproduct/264537081302-zara-bleizer-s-vorotnikom-stoikoi-zw-col,17 900
ZARA КУРТКА С ВОЩЕНЫМ ПОКРЫТИЕМ И ВЕЛЬВЕТОВЫМ ВОРОТНИКОМ — ZW COLLECTION,https://zara-russia.ru/zhenshchiny-kurtki_zara/tproduct/445309642852-zara-kurtka-s-voschenim-pokritiem-i-velv,17 900
"ZARA БОМБЕР ИЗ 100% ЗАМШИ — LIMITED EDITION, ZW COLLECTION",https://zara-russia.ru/zhenshchiny-kurtki_zara/tproduct/616492772332-zara-bomber-iz-100-zamshi-limited-editio,48 600
ZARA АСИММЕТРИЧНЫЙ ТОП ZW COLLECTION,https://zara-russia.ru/zhenshchiny_topy_body_zara/tproduct/265791919162-zara-asimmetrichnii-top-zw-collection,7 900
ZARA КАРДИГАН ИЗ СВЕРХТОНКОГО ТРИКОТАЖА,https://zara-russia.ru/zhenshchiny_cardigans_sweaters_zara/tproduct/303993250372-zara-kardigan-iz-sverhtonkogo-trikotazha,5 400
ZARA КОРОТКИЙ ТРЕНЧ С ВЫСОКИМ ВОРОТНИКОМ — ZW COLLECTION,https://zara-russia.ru/zhenshchini_palto_zara/tproduct/597516076192-zara-korotkii-trench-s-visokim-vorotniko,15 200
ZARA БРЮКИ ИЗ КОЖИ В ПОЛОСКУ ZW COLLECTION LIMITED EDITION,https://zara-russia.ru/zhenshchiny_bryuki_zara/tproduct/581853322392-zara-bryuki-iz-kozhi-v-polosku-zw-collec,56 700
ZARA КОЖАНЫЕ САНДАЛИИ-МЮЛИ,https://zara-russia.ru/zhenshchiny_obuv_zara/tproduct/511861528382-zara-kozhanie-sandalii-myuli,12 500
ZARA ДЖЕМПЕР ИЗ ТОНКОГО ТРИКОТАЖА С V-ОБРАЗНЫМ ВЫРЕЗОМ,https://zara-russia.ru/zhenshchiny_cardigans_sweaters_zara/tproduct/977661088232-zara-dzhemper-iz-tonkogo-trikotazha-s-v,6 300
ZARA БРЮКИ WIDE-LEG С ЗАЩИПАМИ — ZW COLLECTION,https://zara-russia.ru/zhenshchiny_bryuki_zara/tproduct/173099586212-zara-bryuki-wide-leg-s-zaschipami-zw-col,8 700
ZARA СТЕГАНАЯ КУРТКА-БОМБЕР — ZW COLLECTION,https://zara-russia.ru/zhenshchiny-kurtki_zara/tproduct/167971514552-zara-steganaya-kurtka-bomber-zw-collecti,13 500
ZARA АТЛАСНАЯ ЮБКА МИДИ,https://zara-russia.ru/zara_404/tproduct/346747861662-zara-atlasnaya-yubka-midi,4 900
ZARA АТЛАСНАЯ ЮБКА МИДИ,https://zara-russia.ru/zhenshchiny_yubki_zara/tproduct/515989876012-zara-atlasnaya-yubka-midi,4 900
ZARA КОРОТКОЕ КОМБИНИРОВАННОЕ ПЛАТЬЕ С КРУЖЕВОМ,https://zara-russia.ru/zhenshchiny_platya_zara/tproduct/848432685232-zara-korotkoe-kombinirovannoe-plate-s-kr,7 900
ZARA ДЖИНСЫ TRF BAGGY BALLOON СО СРЕДНЕЙ ПОСАДКОЙ,https://zara-russia.ru/zhenshchiny_dzhinsy_zara/tproduct/287000986942-zara-dzhinsi-trf-baggy-balloon-so-sredne,7 900
ZARA ПРИТАЛЕННАЯ РУБАШКА ИЗ ПОПЛИНА,https://zara-russia.ru/zhenshchiny_rubashki_bluzki_zara/tproduct/727390485572-zara-pritalennaya-rubashka-iz-poplina,5 400
ZARA КОРОТКОЕ ПЛАТЬЕ СО СКЛАДКАМИ И КАРМАНАМИ,https://zara-russia.ru/zhenshchiny_platya_zara/tproduct/444277272802-zara-korotkoe-plate-so-skladkami-i-karma,7 900
ZARA УКОРОЧЕННАЯ ДЖИНСОВАЯ КУРТКА-РУБАШКА TRF,https://zara-russia.ru/zhenshchiny-kurtki_zara/tproduct/397731958622-zara-ukorochennaya-dzhinsovaya-kurtka-ru,6 800
ZARA КОРОТКОЕ АТЛАСНОЕ ПЛАТЬЕ С АСИММЕТРИЧНЫМ НИЗОМ,https://zara-russia.ru/zhenshchiny_platya_zara/tproduct/269456993082-zara-korotkoe-atlasnoe-plate-s-asimmetri,6 800
ZARA КУРТКА ИЗ ИСКУССТВЕННОЙ КОЖИ СО СКЛАДКАМИ,https://zara-russia.ru/zhenshchiny-kurtki_zara/tproduct/608469134922-zara-kurtka-iz-iskusstvennoi-kozhi-so-sk,8 700
ZARA ДЖИНСЫ TRF WIDE LEG С ВЫСОКОЙ ПОСАДКОЙ И РАЗРЕЗАМИ,https://zara-russia.ru/zhenshchiny_dzhinsy_zara/tproduct/180745823342-zara-dzhinsi-trf-wide-leg-s-visokoi-posa,6 800
ZARA АТЛАСНАЯ ЮБКА МИДИ АСИММЕТРИЧНОГО КРОЯ С КРУЖЕВОМ,https://zara-russia.ru/zhenshchiny_yubki_zara/tproduct/547966253902-zara-atlasnaya-yubka-midi-asimmetrichnog,5 400
ZARA ДЖИНСОВАЯ РУБАШКА TRF,https://zara-russia.ru/zhenshchiny_rubashki_bluzki_zara/tproduct/381041090192-zara-dzhinsovaya-rubashka-trf,8 700
ZARA АТЛАСНОЕ ПЛАТЬЕ МИДИ СО СБОРКАМИ,https://zara-russia.ru/zhenshchiny_platya_zara/tproduct/187046339552-zara-atlasnoe-plate-midi-so-sborkami,6 800
ZARA РУБАШКА ИЗ ПОПЛИНА В ПОЛОСКУ,https://zara-russia.ru/zhenshchiny_rubashki_bluzki_zara/tproduct/894577770622-zara-rubashka-iz-poplina-v-polosku,5 400
ZARA КОРОТКОЕ ПЛАТЬЕ СО СКЛАДКАМИ И КАРМАНАМИ,https://zara-russia.ru/zhenshchiny_platya_zara/tproduct/450731513052-zara-korotkoe-plate-so-skladkami-i-karma,6 800
ZARA КУРТКА-БОМБЕР ИЗ 100% КОЖИ,https://zara-russia.ru/zhenshchiny-kurtki_zara/tproduct/601872366612-zara-kurtka-bomber-iz-100-kozhi,32 400
ZARA ДЖИНСОВЫЕ ШОРТЫ TRF СО СРЕДНЕЙ ПОСАДКОЙ И РАЗРЕЗАМИ,https://zara-russia.ru/zara_404/tproduct/959617216302-zara-dzhinsovie-shorti-trf-so-srednei-po,5 400
ZARA АТЛАСНЫЙ ТОП С КРУЖЕВОМ,https://zara-russia.ru/zhenshchiny_topy_body_zara/tproduct/542182287952-zara-atlasnii-top-s-kruzhevom,4 900
ZARA ДЖИНСОВАЯ РУБАШКА TRF REGULAR,https://zara-russia.ru/zhenshchiny_rubashki_bluzki_zara/tproduct/357518171062-zara-dzhinsovaya-rubashka-trf-regular,6 800
ZARA КОЖАНАЯ СУМКА С ПЛЕЧЕВЫМ РЕМНЕМ,https://zara-russia.ru/zhenskie_sumki_zara/tproduct/435773737232-zara-kozhanaya-sumka-s-plechevim-remnem,8 700
ZARA КОРОТКИЙ ТРЕНЧ С ПОЯСОМ,https://zara-russia.ru/zhenshchini_palto_zara/tproduct/452477081472-zara-korotkii-trench-s-poyasom,10 800
ZARA СУМКА-МЕШОК С ДЕКОРАТИВНЫМИ ДЕТАЛЯМИ,https://zara-russia.ru/zhenskie_sumki_zara/tproduct/296236261802-zara-sumka-meshok-s-dekorativnimi-detaly,10 800
ZARA ДЖЕМПЕР В РУБЧИК С ОБЪЕМНЫМИ РУКАВАМИ,https://zara-russia.ru/zhenshchiny_cardigans_sweaters_zara/tproduct/186363521722-zara-dzhemper-v-rubchik-s-obemnimi-rukav,5 400
ZARA КАРДИГАН С КОРОТКИМИ РУКАВАМИ И КРУЖЕВОМ,https://zara-russia.ru/zhenshchiny_cardigans_sweaters_zara/tproduct/251413275392-zara-kardigan-s-korotkimi-rukavami-i-kru,5 400
ZARA СУМКА С ДЕТАЛЯМИ С ЭФФЕКТОМ ПЕРЛАМУТРА,https://zara-russia.ru/zhenskie_sumki_zara/tproduct/270418098392-zara-sumka-s-detalyami-s-effektom-perlam,6 300
ZARA ДЖИНСЫ Z1975 ПРЯМОГО КРОЯ С НИЗКОЙ ПОСАДКОЙ,https://zara-russia.ru/zhenshchiny_dzhinsy_zara/tproduct/773066253912-zara-dzhinsi-z1975-pryamogo-kroya-s-nizk,6 800
ZARA НАБОР ИЗ 2 ОВАЛЬНЫХ КОЛЕЦ С ЭФФЕКТОМ ДЕРЕВА И БЛЕСКОМ,https://zara-russia.ru/zhenshchiny-aksessuari_zara/tproduct/291249980392-zara-nabor-iz-2-ovalnih-kolets-s-effekto,3 600
ZARA СЕРЬГИ «ПОД ДЕРЕВО» СО СТРАЗАМИ,https://zara-russia.ru/zhenshchiny-aksessuari_zara/tproduct/553893145932-zara-sergi-pod-derevo-so-strazami,2 700
ZARA ХЛОПКОВАЯ РУБАШКА В ПОЛОСКУ,https://zara-russia.ru/zhenshchiny_rubashki_bluzki_zara/tproduct/370505223842-zara-hlopkovaya-rubashka-v-polosku,4 900
ZARA ДЖИНСЫ-ДЖОГГЕРЫ Z1975 WIDE-LEG С ВЫСОКОЙ ПОСАДКОЙ,https://zara-russia.ru/zhenshchiny_kostyumi_zara/tproduct/540392262112-zara-dzhinsi-dzhoggeri-z1975-wide-leg-s,5 400
ZARA САНДАЛИИ НА ПЛОСКОЙ ПОДОШВЕ С УЗЛОМ,https://zara-russia.ru/zhenshchiny_obuv_zara/tproduct/334001226582-zara-sandalii-na-ploskoi-podoshve-s-uzlo,7 600
ZARA УКОРОЧЕННАЯ ДЖИНСОВАЯ РУБАШКА Z1975 С КЛАПАНАМИ,https://zara-russia.ru/zhenshchiny_rubashki_bluzki_zara/tproduct/692035340342-zara-ukorochennaya-dzhinsovaya-rubashka,5 400
ZARA АТЛАСНЫЙ ТОП С БАНТОМ,https://zara-russia.ru/zhenshchiny_topy_body_zara/tproduct/373460340272-zara-atlasnii-top-s-bantom,4 900
ZARA ВЯЗАНЫЙ СВИТЕР С ПОДПЛЕЧНИКАМИ,https://zara-russia.ru/zhenshchiny_cardigans_sweaters_zara/tproduct/350481202432-zara-vyazanii-sviter-s-podplechnikami,6 800
ZARA ШАРФ С ЦВЕТОЧНЫМ ПРИНТОМ,https://zara-russia.ru/zhenshchiny-aksessuari_zara/tproduct/745286765272-zara-sharf-s-tsvetochnim-printom,4 400
ZARA КОРОТКОЕ ПЛАТЬЕ-БАЛЛОН,https://zara-russia.ru/zhenshchiny_platya_zara/tproduct/406254801552-zara-korotkoe-plate-ballon,7 900
ZARA БРЮКИ PAPERBAG КАРГО С КАРМАНАМИ,https://zara-russia.ru/zhenshchiny_bryuki_zara/tproduct/121103345662-zara-bryuki-paperbag-kargo-s-karmanami,7 900
ZARA КУРТКА ИЗ 100% НАТУРАЛЬНОЙ ЗАМШИ,https://zara-russia.ru/zhenshchiny-kurtki_zara/tproduct/910830786932-zara-kurtka-iz-100-naturalnoi-zamshi,29 700
ZARA ЮБКА МИДИ С ЦВЕТОЧНЫМ ПРИНТОМ И РЕМНЕМ,https://zara-russia.ru/zhenshchiny_yubki_zara/tproduct/107505861222-zara-yubka-midi-s-tsvetochnim-printom-i,7 900
ZARA ДЖИНСЫ Z1975 BARREL СО СРЕДНЕЙ ПОСАДКОЙ И ОТВОРОТАМИ,https://zara-russia.ru/zhenshchiny_dzhinsy_zara/tproduct/562396215722-zara-dzhinsi-z1975-barrel-so-srednei-pos,6 800
ZARA УКОРОЧЕННЫЙ ТОП-БАЛЛОН ИЗ ПОПЛИНА,https://zara-russia.ru/zhenshchiny_topy_body_zara/tproduct/477117180602-zara-ukorochennii-top-ballon-iz-poplina,4 900
ZARA ПЛАТЬЕ МИДИ С ПОЯСОМ,https://zara-russia.ru/zhenshchiny_platya_zara/tproduct/197799239002-zara-plate-midi-s-poyasom,8 700
ZARA ДЛИННЫЕ ДЖИНСОВЫЕ ШОРТЫ Z1975,https://zara-russia.ru/zhenshchiny_yubki_zara/tproduct/281499919072-zara-dlinnie-dzhinsovie-shorti-z1975,6 300
ZARA РУБАШКА В ПОЛОСКУ С ЦВЕТОЧНЫМ ПРИНТОМ,https://zara-russia.ru/zhenshchiny_rubashki_bluzki_zara/tproduct/607063153512-zara-rubashka-v-polosku-s-tsvetochnim-pr,6 300
ZARA РУБАШКА ИЗ ПОПЛИНА С ЦВЕТОЧНЫМ ПРИНТОМ,https://zara-russia.ru/zhenshchiny_rubashki_bluzki_zara/tproduct/785795945222-zara-rubashka-iz-poplina-s-tsvetochnim-p,5 400
ZARA ДЖИНСЫ BOOTCUT Z1975 С ВЫСОКОЙ ПОСАДКОЙ И ПОЯСОМ,https://zara-russia.ru/zhenshchiny_dzhinsy_zara/tproduct/769772617732-zara-dzhinsi-bootcut-z1975-s-visokoi-pos,6 800
ZARA ДЛИННЫЙ ТРЕНЧ ИЗ ИСКУССТВЕННОЙ ЗАМШИ С ПОЯСОМ,https://zara-russia.ru/zhenshchini_palto_zara/tproduct/103923247692-zara-dlinnii-trench-iz-iskusstvennoi-zam,8 700
ZARA БОСОНОЖКИ НА КАБЛУКЕ С РЕМЕШКОМ НА ЩИКОЛОТКЕ,https://zara-russia.ru/zhenshchiny_obuv_zara/tproduct/100090611282-zara-bosonozhki-na-kabluke-s-remeshkom-n,8 100
ZARA СВОБОДНАЯ БЛУЗКА GLOBO,https://zara-russia.ru/zhenshchiny_rubashki_bluzki_zara/tproduct/252697679082-zara-svobodnaya-bluzka-globo,6 300
ZARA ПЛАТЬЕ МИДИ С ЦВЕТОЧНЫМ ПРИНТОМ И РЕМНЕМ,https://zara-russia.ru/zhenshchiny_platya_zara/tproduct/694288398152-zara-plate-midi-s-tsvetochnim-printom-i,8 700
ZARA ДЖИНСОВОЕ МИНИ-ПЛАТЬЕ Z1975 С ПЫШНЫМИ РУКАВАМИ,https://zara-russia.ru/zhenshchiny_platya_zara/tproduct/810398099872-zara-dzhinsovoe-mini-plate-z1975-s-pishn,6 800
ZARA БРЮКИ FLARE С ДЕКОРАТИВНОЙ СТРОЧКОЙ,https://zara-russia.ru/zhenshchiny_dzhinsy_zara/tproduct/982900889122-zara-bryuki-flare-s-dekorativnoi-strochk,6 800
